rank,parent_institution,urls_scanned,reachable,coverage_pct
1,Other,1161,1132,97.5
2,Genesis Career College,139,139,100.0
3,American International University - Bangladesh,137,64,46.7
4,Christendom College,136,12,8.8
5,Home Ozarka College,135,134,99.3
6,Frederick Community College,134,134,100.0
7,"AKKINENI NAGESWARA RAO COLLEGE,GUDIVADA",131,131,100.0
8,California State University,61,56,91.8
9,Adelphi University,43,43,100.0
10,Illinois State University,42,42,100.0
11,Duke University,41,41,100.0
12,Georgia State University,41,41,100.0
13,Emory University Home Page,40,40,100.0
14,Georgia Institute of Technology,38,38,100.0
15,Florida International University,37,37,100.0
16,Homepage — University of Louisville,34,32,94.1
17,George Washington University,33,32,97.0
18,Dartmouth College,30,30,100.0
19,George Fox University,30,30,100.0
20,Columbus State University,30,30,100.0
21,Iowa State University of Science and Technology,28,28,100.0
22,Arizona State University,27,27,100.0
23,"California State University, Fullerton",27,27,100.0
24,International University of Business Agriculture and Technology,27,27,100.0
25,Howard University,26,26,100.0
26,Auburn University,25,25,100.0
27,Foothill College Home,25,25,100.0
28,California Polytechnic State University - San Luis Obispo,24,24,100.0
29,"Highline Community College (HCC), Des Moines, WA (Washington State Community Colleges)",23,23,100.0
30,Central Michigan University,22,22,100.0
31,Des Moines Area Community College,22,22,100.0
32,Indiana Institute of Technology,21,21,100.0
33,Bard College,20,20,100.0
34,Barton County Community College,20,20,100.0
35,Family of Faith College â A Light to the Nations,18,16,88.9
36,Hanover College,18,18,100.0
37,College of William and Mary,18,18,100.0
38,Barnard College,18,18,100.0
39,Kalamazoo College,18,18,100.0
40,Brigham Young University,18,18,100.0
41,Fullerton College,17,16,94.1
42,Indiana University at South Bend,17,17,100.0
43,John Wood Community College,17,17,100.0
44,Campbell University,16,16,100.0
45,Excelsior College,16,16,100.0
46,DePaul University,15,15,100.0
47,Ave Maria University > Home,15,14,93.3
48,Arkansas State University,15,15,100.0
49,Biola University,15,15,100.0
50,Assumption University of Thailand,14,14,100.0
51,Case Western Reserve University,14,14,100.0
52,Clemson University,14,14,100.0
53,Kansas State University,14,14,100.0
54,College of Marin,13,13,100.0
55,College Degree Online,13,13,100.0
56,University of California,13,12,92.3
57,Coastal Carolina University,13,13,100.0
58,Boston University,13,13,100.0
59,California Lutheran University,13,12,92.3
60,Cornell University,12,12,100.0
61,Drexel University,12,11,91.7
62,Eastern Washington University,12,12,100.0
63,Accredited College Degree Programs Online,12,12,100.0
64,Colorado State University,12,11,91.7
65,East Tennessee State University,12,12,100.0
66,An-Najah National University,12,12,100.0
67,Furman University,12,12,100.0
68,California College of the Arts,11,11,100.0
69,Colgate is a nationally recognized liberal arts college set on a beautiful campus in central New York.,11,11,100.0
70,Hofstra University,11,11,100.0
71,Al-Quds University - The Arab University in Jerusalem,11,11,100.0
72,Creighton University,11,8,72.7
73,"A Liberal Arts College in Colorado, Fort Lewis College, Durango, CO",11,11,100.0
74,American University in Dubai,11,11,100.0
75,Elmhurst College,11,11,100.0
76,Carleton College,11,11,100.0
77,[CSI] College of Southern Idaho,11,11,100.0
78,Indiana University/Purdue University at Indianapolis,11,11,100.0
79,Florida Institute of Technology,11,11,100.0
80,Columbia College of Missouri,11,11,100.0
81,Abraham Baldwin Agricultural College,10,10,100.0
82,Home » Stamford International University (Thailand),10,10,100.0
83,"Barry University, Miami Shores, Florida",10,10,100.0
84,Edgewood College,10,10,100.0
85,Baylor College of Medicine,10,10,100.0
86,Brigham Young University - Idaho,10,10,100.0
87,"Grand Canyon University is a private Christian University in Phoenix, AZ",10,10,100.0
88,Appalachian State University,10,10,100.0
89,Cedarville University,10,10,100.0
90,Arkansas Tech University,10,10,100.0
91,Clark University,10,10,100.0
92,Columbia University in the City of New York,10,10,100.0
93,"Frostburg State University is a comprehensive regional university offering strong programs in liberal arts and sciences, business, education, environmental studies and the arts",10,10,100.0
94,College of Osteopathic Medicine of the Pacific (Western University of Health Sciences),10,10,100.0
95,Georgia College & State University,10,10,100.0
96,Central Virginia Community College,10,10,100.0
97,Augsburg College,9,9,100.0
98,Brown University,9,9,100.0
99,Bowdoin College,9,9,100.0
100,European University,9,9,100.0
101,Fuller Theological Seminary,9,9,100.0
102,Guilford Technical Community College,9,9,100.0
103,Georgia Highlands College,9,9,100.0
104,College of Saint Benedict & Saint John\'s University,9,9,100.0
105,IE University,9,9,100.0
106,Bellarmine University,9,9,100.0
107,"Gordon College, one of the top Christian colleges in America & New England",9,9,100.0
108,Harvard University,9,9,100.0
109,Bentley University,9,9,100.0
110,Forsyth Technical Community College,9,9,100.0
111,Jerusalem University College,9,9,100.0
112,Eastern Maine Community College,9,9,100.0
113,California Institute of Technology,9,8,88.9
114,Central Methodist College,9,9,100.0
115,Kean University of New Jersey,9,9,100.0
116,Hillsdale College,9,9,100.0
117,Jesuit School of Theology of Santa Clara University in Berkeley,9,8,88.9
118,Elon University,9,9,100.0
119,Florida Gulf Coast University,9,7,77.8
120,Henry Ford Community College,9,9,100.0
121,Hinds Community College in Mississippi,9,9,100.0
122,James Madison University,8,8,100.0
123,Africa University,8,7,87.5
124,Carl Albert State College,8,8,100.0
125,Coe College,8,8,100.0
126,Bethune-Cookman University,8,8,100.0
127,Florida State College at Jacksonville,8,8,100.0
128,Elgin Community College (ECC) Homepage,8,8,100.0
129,Harvey Mudd College,8,8,100.0
130,High Point University © 2012,8,8,100.0
131,Brevard College,8,8,100.0
132,Foothill-De Anza Community College District,8,8,100.0
133,Drake University,8,8,100.0
134,DigiPen Institute of Technology,8,8,100.0
135,Fairleigh Dickinson University (FDU),8,8,100.0
136,Ivy Tech Community College of Indiana,8,8,100.0
137,Bible Colleges,7,7,100.0
138,Columbia College Chicago,7,7,100.0
139,Clovis Community College,7,7,100.0
140,Fitchburg State University,7,7,100.0
141,"Alliant International University; California Graduate Schools, Graduate Degrees; Undergraduate Bachelors Completion Degrees",7,7,100.0
142,Amrita University,7,7,100.0
143,Central Penn College,7,7,100.0
144,Florida Southern College,7,6,85.7
145,Grinnell College,7,7,100.0
146,American Career College,7,7,100.0
147,Central Georgia Technical College,7,6,85.7
148,Catholic University of Eastern Africa,7,7,100.0
149,Augustana College (IL),7,7,100.0
150,Carteret Community College,7,7,100.0
151,Chapman University,7,7,100.0
152,Hope College,7,7,100.0
153,Houghton College,7,7,100.0
154,Bowling Green State University,7,7,100.0
155,Eastern Arizona College Homepage,7,7,100.0
156,Georgia Medical Institute (GMI) is now Everest,7,6,85.7
157,College of Mount St. Joseph,7,7,100.0
158,Grand Valley State University,7,7,100.0
159,Eckerd College,7,7,100.0
160,Concordia College,7,6,85.7
161,Earlham College,7,7,100.0
162,Harding University,7,7,100.0
163,Christian University,7,7,100.0
164,"Huntingdon College, Montgomery, Alabama * Experience the Tradition, Know and Be Known.",7,6,85.7
165,Hobart and William Smith Colleges,7,7,100.0
166,Karlsruhe Institute of Technology,7,7,100.0
167,Academy of Art University,6,6,100.0
168,"Abilene Christian University, a Christian college in Abilene, Texas",6,6,100.0
169,Aga Khan University,6,6,100.0
170,Hope International University,6,6,100.0
171,Aims Community College,6,6,100.0
172,Berklee College of Music,6,6,100.0
173,"Broward College, formerly Broward Community College",6,6,100.0
174,Bryant University,6,6,100.0
175,College of the Canyons,6,5,83.3
176,Claflin University,6,6,100.0
177,Cleveland Chiropractic College,6,4,66.7
178,College of DuPage,6,6,100.0
179,Hawaii Pacific University,6,6,100.0
180,Illinois College of Optometry,6,6,100.0
181,"Ithaca College, Ithaca, NY",6,6,100.0
182,Janus University California,6,6,100.0
183,"California State University, San Jose",6,6,100.0
184,American University Washington D.C.,6,6,100.0
185,Andrews University,6,6,100.0
186,Antioch University,6,6,100.0
187,[LWC] Lindsey Wilson College,6,4,66.7
188,A Top Christian College in Southern California,6,6,100.0
189,"Bridgewater State University, Bridgewater, Massachusetts",6,6,100.0
190,Bethel College St. Paul,6,6,100.0
191,Hamilton College,6,6,100.0
192,American University in Cairo,6,6,100.0
193,Augusta University,6,6,100.0
194,Bay de Noc Community College,6,6,100.0
195,Boston College,6,6,100.0
196,Belmont University,6,6,100.0
197,Bemidji State University,6,6,100.0
198,Bethlehem University,6,5,83.3
199,Bob Jones University,6,6,100.0
200,Bryn Mawr College,6,6,100.0
201,Harford Community College,6,6,100.0
202,Boise State University,6,6,100.0
203,Eastern Mennonite University,6,6,100.0
204,Butte College,6,5,83.3
205,Baldwin Wallace University,6,3,50.0
206,California Baptist University (CBU),6,6,100.0
207,John Cabot University,6,6,100.0
208,Calvin College,6,6,100.0
209,Catawba College,6,6,100.0
210,College of Biblical Studies,6,6,100.0
211,Colorado Community College System,6,6,100.0
212,Ferris State University,6,6,100.0
213,Kankakee Community College Home,6,6,100.0
214,Champlain College,6,6,100.0
215,Home â Salem College,6,6,100.0
216,Gettysburg College,6,6,100.0
217,Islamic University of Technology,6,6,100.0
218,Howard Community College,6,6,100.0
219,Dominican University,6,6,100.0
220,Dunwoody College of Technology,6,6,100.0
221,Essex County College,6,6,100.0
222,Georgetown University,6,6,100.0
223,Midwest University,6,6,100.0
224,Brigham Young University Hawaii,5,5,100.0
225,Hartford Seminary,5,5,100.0
226,Haverford College in Pennsylvania,5,5,100.0
227,Chowan College,5,5,100.0
228,Midwestern Career College,5,5,100.0
229,State University of New York,5,4,80.0
230,Alma College,5,5,100.0
231,Abraham Lincoln University,5,5,100.0
232,Bakersfield College,5,5,100.0
233,Eastern Connecticut State University,5,5,100.0
234,Florida Polytechnic University,5,5,100.0
235,"Grove City College in western Pennsylvania offers academically rigorous, affordable college education in a Christian environment just 60 miles from Pittsburgh, Pennsylvania",5,5,100.0
236,Glion Institute of Higher Education,5,5,100.0
237,Hobe Sound Bible College,5,5,100.0
238,"Indiana Wesleyan University, Marion",5,5,100.0
239,Indiana University/Purdue University at Columbus,5,5,100.0
240,California Community Colleges Chancellor\'s Office,5,5,100.0
241,American Public University System,5,5,100.0
242,Albany State University,5,5,100.0
243,Bryan College,5,4,80.0
244,Bryant and Stratton College,5,5,100.0
245,Colorado Mountain College,5,5,100.0
246,Eastern West Virginia Community and Technical College,5,5,100.0
247,Erskine College,5,4,80.0
248,Geneva College,5,5,100.0
249,Grand Rapids Community College,5,5,100.0
250,Indian River State College,5,5,100.0
251,Isothermal Community College,5,5,100.0
252,Kellogg Community College,5,5,100.0
253,College of the Mainland,5,5,100.0
254,Duquesne University,5,5,100.0
255,College of the Holy Cross,5,5,100.0
256,Austin Peay State University,5,5,100.0
257,Asia Pacific Theological Seminary (APTS),5,5,100.0
258,Asbury Theological Seminary,5,5,100.0
259,Assumption College,5,5,100.0
260,Aurora University,5,5,100.0
261,Bay Path University,5,5,100.0
262,Bennington College,5,5,100.0
263,Berean University of the Assemblies of God,5,5,100.0
264,Berry College,5,5,100.0
265,Black Hills State University,5,5,100.0
266,Bryn Athyn College,5,5,100.0
267,Gardner Webb University,5,5,100.0
268,Garrett College,5,4,80.0
269,Hilbert College,5,5,100.0
270,College of Arts and Sciences & Conservatory of Music,5,5,100.0
271,Butler University,5,5,100.0
272,Central Christian College of the Bible,5,5,100.0
273,Gwynedd Mercy University,5,5,100.0
274,Grambling State University,5,5,100.0
275,Thomas Jefferson University   Jefferson Medical College   Jefferson College of Graduate Studies   Jefferson School of Health Profession   Jefferson School of Nursing   Jefferson School of Pharmacy   Jefferson School of Population Health,5,5,100.0
276,Centre College,5,5,100.0
277,Christopher Newport University,5,5,100.0
278,"California State University, Bakersfield",5,5,100.0
279,"California State University, San Marcos",5,5,100.0
280,"California State University, Stanislaus",5,5,100.0
281,Eastern University,5,5,100.0
282,Eastern Michigan University,5,5,100.0
283,Columbus College of Art and Design,5,5,100.0
284,Calumet College of St. Joseph,5,5,100.0
285,Community College System of New Hampshire,5,5,100.0
286,College of Early Learning,5,5,100.0
287,Chafer Theological Seminary,5,5,100.0
288,Chamberlain College of Nursing,5,5,100.0
289,Concordia University,5,3,60.0
290,Clackamas Community College,5,5,100.0
291,Coconino Community College,5,5,100.0
292,Colgate is a nationally recognized liberal arts college set on a beautiful,5,5,100.0
293,Converse College,5,5,100.0
294,Gustavus Adolphus College,5,5,100.0
295,Crafton Hills College,5,5,100.0
296,Chadron State College,5,5,100.0
297,Charleston Southern University,5,5,100.0
298,CUNY Borough of Manhattan Community College,5,5,100.0
299,Central Washington University,5,5,100.0
300,Frontier Nursing University,5,5,100.0
301,Bible College in Pennsylvania,5,5,100.0
302,Davenport College of Business,5,5,100.0
303,Daytona State College,5,5,100.0
304,Dallas Baptist University,5,5,100.0
305,Delaware County Community College,5,5,100.0
306,Fairmont State University,5,5,100.0
307,Illinois Benedictine College,5,5,100.0
308,Illinois Wesleyan University,5,5,100.0
309,"College Degrees, Nebraska Community College, Online Classes",5,5,100.0
310,Dakota State University,5,5,100.0
311,Eastern Illinois University,5,5,100.0
312,Eastern Oregon State College,5,5,100.0
313,Fayetteville Technical Community College,5,5,100.0
314,Husson University,5,5,100.0
315,Kansas City University,5,5,100.0
316,Iowa Lakes Community College,5,5,100.0
317,Fort Valley State University,5,5,100.0
318,Gallipolis Career College,5,4,80.0
319,Hastings College,5,5,100.0
320,John Brown University,5,4,80.0
321,George C Wallace State Community College-Hanceville,5,5,100.0
322,Hesston College,5,5,100.0
323,Kalamazoo Valley Community College,5,5,100.0
324,Hebrew Union College,4,4,100.0
325,Faulkner University,4,4,100.0
326,"HACC, Central Pennsylvania's Community College Home Page",4,4,100.0
327,Indiana University of Pennsylvania,4,4,100.0
328,Clinton Community College,4,4,100.0
329,Welcome to Yeshwantrao Chavan College of Engineering,4,4,100.0
330,Alaska Pacific University â Discover Active Learning,4,4,100.0
331,Alfred University,4,4,100.0
332,Alfred State College,4,4,100.0
333,Austin Community College,4,4,100.0
334,Buena Vista University,4,4,100.0
335,Clarendon College,4,4,100.0
336,College of Idaho,4,4,100.0
337,Hampton University,4,4,100.0
338,Herzing University,4,4,100.0
339,Alvin Community College,4,4,100.0
340,Amherst College,4,4,100.0
341,Angelo State University,4,3,75.0
342,Delaware Valley University,4,4,100.0
343,Johns Hopkins University,4,3,75.0
344,Arizona Christian University,4,4,100.0
345,"Arkansas State University, Newport",4,4,100.0
346,Cayuga County Community College,4,4,100.0
347,Columbia College Washington D.C.,4,4,100.0
348,Central Arizona College,4,4,100.0
349,"Chattanooga College Medical, Dental, & Technical Careers, Chattanooga State of Tennessee, Chattanooga College is the source for that career you have always dreamed of.",4,4,100.0
350,Clayton College & State University,4,4,100.0
351,Colby-Sawyer College,4,4,100.0
352,ECPI University,4,4,100.0
353,Hillsborough Community College Home,4,4,100.0
354,Illinois College,4,4,100.0
355,Johnson County Community College,4,4,100.0
356,Bluefield State College,4,4,100.0
357,Georgia Southwestern State University,4,4,100.0
358,"Home » Saint Mary\'s College, Notre Dame, IN",4,4,100.0
359,Aquinas College,4,4,100.0
360,Blackhawk Technical College,4,4,100.0
361,Covenant College,4,4,100.0
362,Austin College,4,4,100.0
363,Avila College,4,4,100.0
364,Bates College,4,4,100.0
365,Butler County Community College,4,4,100.0
366,Benedictine University Benedictine University,4,4,100.0
367,Benedictine College,4,4,100.0
368,Community College of Beaver County,4,4,100.0
369,Concordia University Nebraska,4,4,100.0
370,Fox Valley Technical College Home Page,4,4,100.0
371,Bay Mills Community College,4,4,100.0
372,Bowie State University,4,4,100.0
373,California Institute of the Arts,4,4,100.0
374,Davidson-Davie Community College,4,4,100.0
375,Brenau University,4,4,100.0
376,Brescia University,4,4,100.0
377,Best Liberal Arts Colleges Small and Private,4,4,100.0
378,Bevill State Community College,4,4,100.0
379,Columbia State Community College,4,4,100.0
380,East Carolina University,4,4,100.0
381,Emporia State University,4,4,100.0
382,Georgia Southern University,4,3,75.0
383,Elizabeth City State University,4,4,100.0
384,"California State University, Dominguez Hills",4,4,100.0
385,"California State University, Sacramento",4,4,100.0
386,Dallas College,4,4,100.0
387,Carrington College California-Sacramento,4,4,100.0
388,Community College of Allegheny County,4,4,100.0
389,Clear Creek Baptist Bible College,4,4,100.0
390,"Centre for Commercial Law Studies (CCLS), Queen Mary, University of London",4,2,50.0
391,Federico Beauty Institute,4,4,100.0
392,Charter Oak State College,4,4,100.0
393,Le Cordon Bleu College of Culinary Arts-Chicago,4,0,0.0
394,Chemeketa Community College,4,3,75.0
395,Colombo International Nautical & Engineering College (CINEC),4,3,75.0
396,City University of Seattle,4,4,100.0
397,College of the Marshall Islands,4,4,100.0
398,College of San Mateo,4,4,100.0
399,Daemen College,4,4,100.0
400,Fulton-Montgomery Community College,4,4,100.0
401,Columbus State Community College,4,4,100.0
402,Columbia Theological Seminary,4,4,100.0
403,"Chatham University, Pittsburgh, PA",4,4,100.0
404,Del Mar College,4,4,100.0
405,Denver Seminary,4,3,75.0
406,Fashion Institute of Technology,4,4,100.0
407,Goodwin College Home,4,4,100.0
408,Greenville University,4,4,100.0
409,Hindu University of America,4,4,100.0
410,Dickinson State University,4,4,100.0
411,Dyersburg State Community College,4,4,100.0
412,Eastern Florida State College,4,4,100.0
413,Elms College,4,4,100.0
414,Goucher College,4,4,100.0
415,Endicott College in Beverly Massachusetts,4,4,100.0
416,Elizabethtown College,4,4,100.0
417,Holmes Community College,4,4,100.0
418,Jefferson Community College,4,4,100.0
419,Flint Hills Technical College,4,4,100.0
420,Colorado State University - Global Campus,4,4,100.0
421,Genesee Community College,4,4,100.0
422,Haskell Indian Nations University,4,4,100.0
423,Franklin and Marshall College,4,4,100.0
424,Florida SouthWestern State College,4,4,100.0
425,Grand Canyon University is a private Christian University in Phoenix,4,4,100.0
426,Georgetown College,4,4,100.0
427,Georgia Institute of Cosmetology,4,4,100.0
428,Concordia College - St. Paul,4,4,100.0
429,Guilford College,4,4,100.0
430,Hampshire College,4,4,100.0
431,Johnson University,4,4,100.0
432,Adirondack Community College,4,4,100.0
433,Horizon College and Seminary,4,4,100.0
434,Colleges in Texas Tech Training Schools,4,4,100.0
435,Home of Southern Evangelical Seminary,4,4,100.0
436,Hollins University,4,4,100.0
437,FAU Honors College,4,3,75.0
438,Hudson Valley Community College,4,4,100.0
439,Illinois Institute of Technology,4,4,100.0
440,Idaho State University,4,4,100.0
441,Thomas Jefferson University   Jefferson Medical College   Jefferson College of Graduate Studies   Jefferson,4,4,100.0
442,Drew University,3,3,100.0
443,Indiana Wesleyan University,3,3,100.0
444,Alabama Agricultural and Mechanical University,3,2,66.7
445,American Baptist College,3,3,100.0
446,Brandeis University,3,3,100.0
447,Adams State College,3,3,100.0
448,Asia Pacific Institute of Management,3,3,100.0
449,East Central Community College,3,2,66.7
450,Institute for Clinical Social Work,3,3,100.0
451,"IMDR, The Institute of Management Development and Research, Pune.",3,3,100.0
452,Karunya University,3,3,100.0
453,Adrian College,3,3,100.0
454,Air Force Institute of Technology,3,2,66.7
455,Alamance Community College,3,2,66.7
456,Allegany College of Maryland,3,3,100.0
457,Allen University,3,3,100.0
458,Birzeit University,3,2,66.7
459,"Central Methodist University in Fayette, Missouri",3,3,100.0
460,Fielding Institute,3,3,100.0
461,Golden Gate University,3,3,100.0
462,Gwynedd-Mercy College,3,3,100.0
463,Hamline University,3,3,100.0
464,"Harper College, Palatine, Il",3,3,100.0
465,Hawkeye Community College,3,2,66.7
466,Hampden-Sydney College,3,3,100.0
467,Alverno College,3,2,66.7
468,Amberton University,3,3,100.0
469,Anderson University,3,3,100.0
470,Andrew College,3,3,100.0
471,Institute for Advanced Study,3,3,100.0
472,"Arkansas State University, Beebe",3,3,100.0
473,"Arkansas State University, Mountain Home",3,3,100.0
474,Bay Atlantic University,3,3,100.0
475,Bluefield College,3,3,100.0
476,Blue Mountain College,3,3,100.0
477,Brewton-Parker College,3,3,100.0
478,Caldwell Community College and Technical Institute,3,3,100.0
479,Community College of Rhode Island,3,3,100.0
480,Criswell College,3,3,100.0
481,East Central College,3,3,100.0
482,Eastern WV Community & Technical College,3,3,100.0
483,East-West University,3,3,100.0
484,Beauty College,3,3,100.0
485,Full Sail University,3,3,100.0
486,Georgia Northwestern Technical College,3,3,100.0
487,Hong Kong Adventist college,3,3,100.0
488,James Sprunt Community College,3,3,100.0
489,Bible Based Christian College,3,3,100.0
490,Advanced Technology Institute,3,3,100.0
491,Bucks County Community College,3,3,100.0
492,City Colleges of Chicago,3,3,100.0
493,Centenary College of Louisiana,3,3,100.0
494,Coastline Community College,3,3,100.0
495,College of the Ozarks,3,3,100.0
496,Columbia Basin College (CBC),3,3,100.0
497,El Paso Community College,3,2,66.7
498,Gemological Institute of America,3,3,100.0
499,Academic medical center at State University of New York at Stony Brook,3,3,100.0
500,Arcadia University,3,3,100.0
501,Ashland University,3,3,100.0
502,Aiken Technical College,3,3,100.0
503,Athens Technical College,3,2,66.7
504,Concordia University Texas Home Page,3,3,100.0
505,Florida Metropolitan University (FMU) is now Everest University,3,3,100.0
506,Atlantic University College,3,3,100.0
507,Atlantic University,3,3,100.0
508,Augustana College (SD),3,3,100.0
509,Augusta Technical College,3,2,66.7
510,Auburn University at Montgomery,3,3,100.0
511,Ahsanullah University of Science & Technology,3,3,100.0
512,Babson College,3,3,100.0
513,"blueridge college of evangelism, christian bible colleges in wytheville va",3,3,100.0
514,"Beacon College for ADHD Students, LD Students and gifted LD",3,3,100.0
515,Bergen Community College Homepage,3,3,100.0
516,Bethany Divinity College and Seminary,3,3,100.0
517,Bethany College,3,3,100.0
518,Bethel College Newton,3,3,100.0
519,Blackfeet Community College,3,2,66.7
520,Bismarck State College,3,3,100.0
521,Blue Ridge Community and Technical College,3,2,66.7
522,Cossatot Community College of the University of Arkansas,3,3,100.0
523,Erie Community College,3,3,100.0
524,East Central University,3,3,100.0
525,Francis Marion University,3,3,100.0
526,Blue Ridge Community College,3,3,100.0
527,Bradley University,3,3,100.0
528,Flagler College,3,3,100.0
529,Global University,3,3,100.0
530,Brazosport College,3,2,66.7
531,Brookline College,3,3,100.0
532,Broward College,3,3,100.0
533,Ball State University,3,3,100.0
534,Bucknell University,3,3,100.0
535,Delaware State University,3,3,100.0
536,Cabrillo College Home Page,3,3,100.0
537,Central Alabama Community College,3,3,100.0
538,California Coast University,3,3,100.0
539,Caldwell College New Jersey,3,3,100.0
540,Clarkson University,3,3,100.0
541,Des Moines University,3,3,100.0
542,"Galen College, Nursing Schools, Nursing Degrees",3,3,100.0
543,Greenville Technical College,3,3,100.0
544,J Sargeant Reynolds Community College,3,3,100.0
545,California Polytechnic State University,3,3,100.0
546,Cambridge College,3,3,100.0
547,Camden County College,3,2,66.7
548,Find Your Calling at Campbellsville University,3,3,100.0
549,Canisius College,3,3,100.0
550,Kansas City Kansas Community College,3,2,66.7
551,College of Eastern Utah,3,2,66.7
552,Clark State Community College,3,3,100.0
553,"California State University, Monterey Bay",3,3,100.0
554,Delaware College of Art and Design,3,3,100.0
555,Eastern Kentucky University,3,3,100.0
556,Humboldt State University,3,3,100.0
557,Carolina Christian College Winston,3,3,100.0
558,Carroll University,3,3,100.0
559,"Career College in Miami Dade with Computer, Business, Medical, and Art Classes",3,3,100.0
560,Coastland Christian Bible College and University,3,3,100.0
561,Community College of Philadelphia,3,3,100.0
562,Central Connecticut State University,3,3,100.0
563,Imperial Valley College,3,2,66.7
564,Cecil College,3,3,100.0
565,Chaminade University of Honolulu,3,3,100.0
566,Chatham University,3,3,100.0
567,Chattanooga State Community College,3,3,100.0
568,Chestnut Hill College,3,3,100.0
569,Chester College of New England Â· Fine Arts Â· Graphic Design Â· Photography Â· Creative Writing Â· Professional Writing Â· Interdisciplinary Arts Â· Chester,3,2,66.7
570,Cleveland Institute of Art,3,3,100.0
571,Colorado Institute of Massage Therapy,3,3,100.0
572,Claremont McKenna College,3,3,100.0
573,Christian Life College,3,2,66.7
574,Cleveland Community College,3,3,100.0
575,Colby College,3,3,100.0
576,Colorado Mesa University,3,3,100.0
577,Denver College of Nursing,3,3,100.0
578,Connecticut College,3,2,66.7
579,"Conservative Theological University, Conservative Christian Academy, First Conservative Baptist Church, Jacksonville, FL",3,3,100.0
580,College of the Sequoias,3,3,100.0
581,Clover Park Technical College,3,3,100.0
582,Craven Community College,3,3,100.0
583,"Concordia Seminary, St. Louis",3,3,100.0
584,College of Southern Maryland,3,3,100.0
585,Curry College,3,3,100.0
586,Chattahoochee Valley Community College,3,3,100.0
587,Chippewa Valley Technical College,3,3,100.0
588,Delta College,3,3,100.0
589,DePauw University,3,2,66.7
590,George Wythe University,3,3,100.0
591,College of Saint Catherine,3,3,100.0
592,Dallas Nursing Institute,3,3,100.0
593,Drury University,3,3,100.0
594,Delaware Technical Community College,3,3,100.0
595,Edgecombe Community College,3,3,100.0
596,Elmira College,3,3,100.0
597,Independence Community College,3,3,100.0
598,Aviation College and Engineering Degree Program,3,3,100.0
599,Denver's College of Opportunity,3,3,100.0
600,Erikson Institute,3,3,100.0
601,East Texas Baptist University,3,3,100.0
602,"Gonzaga University, Spokane Washington",3,3,100.0
603,"Futures Inspired l Holyoke Community College, Holyoke, MA",3,3,100.0
604,Cuyahoga Community College District,3,3,100.0
605,Florida Education Institute,3,3,100.0
606,Fort Hays State University,3,3,100.0
607,Freed-Hardeman University,3,3,100.0
608,Framingham State University,3,3,100.0
609,Franklin Pierce University,3,3,100.0
610,Finishing Trades Institute of the Mid,3,3,100.0
611,Gadsden State Community College,3,3,100.0
612,Goldey-Beacom College,3,3,100.0
613,God's Bible School and College,3,3,100.0
614,Great Falls College Montana State University,3,3,100.0
615,Georgia Gwinnett College,3,3,100.0
616,Eastern New Mexico University-Roswell Campus,3,3,100.0
617,Goshen College,3,3,100.0
618,Georgia Piedmont Technical College,3,3,100.0
619,Graceland University,3,3,100.0
620,Gateway Technical College,3,3,100.0
621,Guam Community College,3,3,100.0
622,Gwinnett College,3,3,100.0
623,Houston Community College,3,3,100.0
624,Jackson Community College,3,3,100.0
625,Joliet Junior College,3,3,100.0
626,Illinois Eastern Community Colleges,3,3,100.0
627,James A Rhodes State College,3,3,100.0
628,Herkimer County Community College,3,3,100.0
629,HR College of Commerce & Economics,3,3,100.0
630,illinoisbaptistcollege.edu,3,3,100.0
631,International Medical & Technological University,3,2,66.7
632,Inver Hills Community College,3,3,100.0
633,Institute for the Study of Coherence and Emergence,3,3,100.0
634,International Technological University,3,3,100.0
635,Illinois Valley Community College,3,3,100.0
636,John F. Kennedy University,3,3,100.0
637,"Juniata College, by any measure one of the best liberal arts colleges in the U.S.",3,3,100.0
638,Kansas Wesleyan University,3,3,100.0
639,Northeastern University,3,3,100.0
640,Sarah Lawrence College. A Deeper Education.,3,3,100.0
641,A Top Christian University and Seminary,3,3,100.0
642,Online College Degrees William Howard Taft University,3,3,100.0
643,University of Maryland,3,3,100.0
644,University of Nebraska,3,3,100.0
645,Deep Springs College,2,2,100.0
646,College of the Atlantic,2,2,100.0
647,Horry-Georgetown Technical College,2,2,100.0
648,Anne Arundel Community College,2,2,100.0
649,Alderson Broaddus College,2,1,50.0
650,Academy College,2,2,100.0
651,Connecticut State University System,2,2,100.0
652,Appalachian College of Pharmacy,2,2,100.0
653,American College of Thessaloniki,2,2,100.0
654,Adrian\'s Beauty Colleges,2,2,100.0
655,Agnes Scott College,2,2,100.0
656,American Institute of Alternative Medicine AIAM,2,2,100.0
657,American International College,2,2,100.0
658,American Islamic College,2,2,100.0
659,Atlantic International University,2,2,100.0
660,American InterContinental University,2,2,100.0
661,Association of Jesuit Colleges and Universities,2,2,100.0
662,Alamo Colleges District,2,2,100.0
663,Albany Technical College,2,2,100.0
664,College of the Albemarle,2,2,100.0
665,Carlos Albizu University,2,2,100.0
666,Alcorn State University,2,2,100.0
667,Alexandria Technical & Community College,2,1,50.0
668,Allen County Community College,2,2,100.0
669,Arapahoe Community College in Colorado,2,2,100.0
670,Caribbean Nazarene College,2,2,100.0
671,Collin County Community College District,2,2,100.0
672,Front Range Community College,2,2,100.0
673,Holy Apostles College & Seminary,2,2,100.0
674,"Distance Learning Courses and Programs at Warnborough College at Bachelors, Masters, and PhD levels",2,2,100.0
675,American Institute,2,2,100.0
676,Anaheim University,2,2,100.0
677,Aaniiih Nakoda College,2,2,100.0
678,Anna Maria College,2,2,100.0
679,Anoka Technical College Home,2,2,100.0
680,Home page of the Asia Pacific Maritime Institute,2,2,100.0
681,Cape Cod Community College,2,2,100.0
682,Cochise College Home Page,2,2,100.0
683,Cowley County Community College,2,2,100.0
684,Central Wyoming College,2,2,100.0
685,Dillard University,2,2,100.0
686,Ecclesia College,2,2,100.0
687,Grand View University,2,2,100.0
688,"Itawamba Community College in Northeast Mississippi (Fulton, Tupelo, Belden)",2,1,50.0
689,Indian Hills Community College,2,2,100.0
690,"Belmont Abbey College, Charlotte, NC",2,2,100.0
691,Bossier Parish Community College,2,1,50.0
692,Argosy University,2,0,0.0
693,Arkansas Baptist College,2,2,100.0
694,Art Center College of Design,2,2,100.0
695,Ashford University,2,1,50.0
696,Online University,2,2,100.0
697,ATA College,2,2,100.0
698,Ateneo de Manila University,2,2,100.0
699,Athens State University,2,2,100.0
700,Carthage College,2,2,100.0
701,Colorado Northwestern Community College,2,2,100.0
702,American University in Bulgaria,2,2,100.0
703,Spelman College,2,1,50.0
704,Antelope Valley College,2,2,100.0
705,Averett College,2,2,100.0
706,Barber-Scotia College,2,2,100.0
707,Barry University,2,2,100.0
708,Bastyr University,2,2,100.0
709,Baylor University,2,2,100.0
710,Beaufort County Community College,2,2,100.0
711,Belhaven University,2,2,100.0
712,Bethany Theological Seminary,2,2,100.0
713,Bircham International University,2,2,100.0
714,Career Training – Online Career Training Programs – Blackstone Career Institute,2,2,100.0
715,Bladen Community College,2,2,100.0
716,"Bethany Lutheran College is a Christian, liberal arts college in Mankato, Minnesota.",2,2,100.0
717,Bloomsburg University of Pennsylvania,2,2,100.0
718,Blue Mountain Community College,2,2,100.0
719,Bluffton College,2,2,100.0
720,Denison University,2,2,100.0
721,Greenville Presbyterian Theological Seminary,2,2,100.0
722,Bristol Community College,2,2,100.0
723,Welcome to Brookdale Community College,2,1,50.0
724,Brunswick Community College,2,2,100.0
725,Bon Secours Memorial College of Nursing,2,2,100.0
726,California Pacific University,2,2,100.0
727,Bhaktivedanta Institute,2,2,100.0
728,Century College,2,2,100.0
729,Calhoun Community College,2,2,100.0
730,California State University System,2,2,100.0
731,Cameron University,2,2,100.0
732,Capitol Technology University,2,2,100.0
733,"California State University, Los Angeles",2,2,100.0
734,Central State University,2,2,100.0
735,Concorde Career Colleges,2,2,100.0
736,Caribbean University,2,2,100.0
737,Carroll College Helena,2,2,100.0
738,Carroll Community College,2,2,100.0
739,Cascadia Community College,2,2,100.0
740,Central Baptist College,2,2,100.0
741,CBD College,2,2,100.0
742,Central Baptist Theological Seminary,2,1,50.0
743,CCI Colleges.edu,2,2,100.0
744,Columbia College,2,2,100.0
745,City College of San Francisco,2,2,100.0
746,Central Carolina Technical College,2,2,100.0
747,Colorado Christian University,2,2,100.0
748,Community College of Vermont,2,2,100.0
749,Gutenberg College Great Books.,2,2,100.0
750,Charles R. Drew University of Medicine and Science,2,2,100.0
751,Cedar Crest College,2,2,100.0
752,Central Christian College of KS,2,2,100.0
753,College of Central Florida,2,2,100.0
754,Claremont Graduate University,2,2,100.0
755,Chabot College,2,2,100.0
756,Chesapeake College,2,2,100.0
757,Cincinnati State Technical and Community College,2,2,100.0
758,Columbia International University,2,2,100.0
759,Clarke University,2,2,100.0
760,Cleary College,2,2,100.0
761,Cleveland State Community College,2,2,100.0
762,California Nurses Educational Institute,2,2,100.0
763,Coahoma Community College,2,2,100.0
764,Coastal Pines Technical College,2,2,100.0
765,Central Oregon Community College,2,2,100.0
766,Cogswell Polytechnical College,2,1,50.0
767,Coker College,2,2,100.0
768,College of the Desert,2,2,100.0
769,Colorado College,2,2,100.0
770,Columbus University,2,2,100.0
771,Columbus Technical College,2,2,100.0
772,Commonwealth Institute of Funeral Service,2,2,100.0
773,Computek College,2,2,100.0
774,College Front Page,2,2,100.0
775,Connors State College,2,2,100.0
776,Crowley\'s Ridge College,2,2,100.0
777,Crowder College Neosho Missouri,2,2,100.0
778,Indiana State University,2,2,100.0
779,College of Southern Nevada,2,2,100.0
780,Cleveland State University,2,2,100.0
781,Colorado State University-Pueblo,2,1,50.0
782,Cuesta College,2,2,100.0
783,Concordia University Wisconsin,2,2,100.0
784,Danville Area Community College,2,2,100.0
785,Dakota College at Bottineau,2,2,100.0
786,Dallas Christian College,2,2,100.0
787,Dallas Theological Seminary (DTS),2,1,50.0
788,Davidson College Home,2,2,100.0
789,Dawson Community College,2,2,100.0
790,Welcome to Daymar College!,2,0,0.0
791,Dodge City Community College,2,2,100.0
792,Dakota County Technical College,2,2,100.0
793,Dean College,2,2,100.0
794,Delta State University,2,2,100.0
795,El Camino Community College District,2,1,50.0
796,Harris-Stowe State University,2,1,50.0
797,North Central University,2,0,0.0
798,Divers Institute of Technology,2,2,100.0
799,J F Drake State Community and Technical College,2,2,100.0
800,Diablo Valley College,2,2,100.0
801,Dakota Wesleyan University,2,1,50.0
802,East Mississippi Community College,2,2,100.0
803,Emory & Henry College,2,2,100.0
804,Emmaus Bible College Home Page,2,2,100.0
805,Empire College,2,2,100.0
806,Estrella Mountain Community College,2,2,100.0
807,East Stroudsburg State University of Pennsylvania,2,2,100.0
808,Eucon International College,2,2,100.0
809,Evangel University,2,2,100.0
810,EVANGELIA UNIVERSITY,2,2,100.0
811,Halifax Community College,2,2,100.0
812,Everest University,2,1,50.0
813,Welcome to Florida Atlantic University,2,2,100.0
814,Florence-Darlington Technical College,2,2,100.0
815,Finger Lakes Community College,2,2,100.0
816,"Accredited, independent college, offering Bachelor and Associate degrees",2,2,100.0
817,Fisher More Catholic College,2,1,50.0
818,Five Branches University,2,2,100.0
819,Florida College,2,2,100.0
820,Florida Memorial University,2,2,100.0
821,Fontbonne University,2,2,100.0
822,Fort Scott Community College,2,2,100.0
823,"Christian Life College, Stockton, California",2,2,100.0
824,Fresno Pacific University,2,2,100.0
825,Friends University,2,2,100.0
826,God\'s Bible School & College,2,2,100.0
827,Great Lakes Institute of Technology,2,2,100.0
828,Gogebic Community College,2,2,100.0
829,USM University of Santa Monica,2,2,100.0
830,Grace College & Theological Seminary in Indiana,2,2,100.0
831,Grantham University,2,2,100.0
832,Greensboro College,2,2,100.0
833,Golden State Baptist College,2,2,100.0
834,Gwinnett Technical College,2,2,100.0
835,Allan Hancock College,2,2,100.0
836,Hargrave Military Academy – The Premier Military Boarding School,2,2,100.0
837,Harrisburg University,2,2,100.0
838,Huntsville Bible College,2,2,100.0
839,Holy Cross College,2,2,100.0
840,Futures Inspired l Holyoke Community College,2,2,100.0
841,Humacao Community College,2,2,100.0
842,Heald College,2,0,0.0
843,Hebrew College,2,2,100.0
844,College of the Redwoods,2,2,100.0
845,Hodges University,2,1,50.0
846,Hutchinson Community College,2,2,100.0
847,"Discover Judson University, a Four Year Christian College in Elgin near Chicago",2,2,100.0
848,Hendrix College,2,2,100.0
849,Hennepin Technical College ~,2,2,100.0
850,"Hollywood Institute of Beauty Careers  Cosmetology, Makeup, Hair, Nails, and Skin Care",2,2,100.0
851,Hawaii Medical College,2,2,100.0
852,Howard Payne University,2,2,100.0
853,"Emmanuel College, Boston",2,2,100.0
854,Hardin-Simmons University,2,2,100.0
855,Huston-Tillotson University,2,2,100.0
856,Humphreys College,2,2,100.0
857,Illinois Central College,2,2,100.0
858,Itawamba Community College in Northeast Mississippi (Fulton,2,1,50.0
859,The Institute for Continuing Health Care Education,2,1,50.0
860,International Institute for Restorative Practices (IIRP),2,2,100.0
861,Immaculata University,2,1,50.0
862,California State University Channel Islands (CSUCI),2,2,100.0
863,Southern Union State Community College,2,2,100.0
864,Iona College,2,2,100.0
865,Iowa Central Community College,2,2,100.0
866,Irvine Valley College,2,2,100.0
867,John A. Logan College Homepage,2,2,100.0
868,Johnson C. Smith University,2,1,50.0
869,Jefferson Davis Community College,2,0,0.0
870,Jackson State Community College,2,2,100.0
871,Kansas City Art Institute,2,2,100.0
872,University of Kentucky,2,1,50.0
873,Kirtland Community College,2,1,50.0
874,- LATIN AMERICAN BIBLE INSTITUTE,2,2,100.0
875,Los Angeles City College,2,2,100.0
876,La\'James International College...LJIC is distinctively different!,2,1,50.0
877,Lane Community College,2,2,100.0
878,Lurleen B. Wallace Community College,2,1,50.0
879,Arkansas Colleges and Universities,2,2,100.0
880,H Councill Trenholm State Technical College,2,2,100.0
881,Welcome To Lala Lajpatrai Institute of Management,2,2,100.0
882,Homepage — Nazareth College,2,2,100.0
883,Loyola Marymount University,2,2,100.0
884,Welcome to the Lakes Region Community College,2,2,100.0
885,César Ritz Colleges Switzerland,2,1,50.0
886,Marion Military Institute,2,2,100.0
887,Marymount College Rancho Palos Verdes,2,1,50.0
888,Mercer County Community College,2,2,100.0
889,Meridian College Florida Career Colleges,2,2,100.0
890,"Mars Hill College, in the Blue Ridge Mountains near Asheville, NC",2,1,50.0
891,Miami University of Ohio,2,2,100.0
892,Motorcycle Mechanics Institute (MMI),2,0,0.0
893,Monmouth College,2,0,0.0
894,"Art School, Art Colleges Massachusetts, MA",2,2,100.0
895,Welcome to Moravian College,2,1,50.0
896,Morningside College,2,1,50.0
897,Michigan State University. Est. 1855. East Lansing,2,2,100.0
898,Northeast Ohio Medical University — NEOMED,2,2,100.0
899,North Greenville University,2,1,50.0
900,Northeastern Junior College,2,2,100.0
901,"NLP Training Vancouver, Erickson College, Ericksonian Hypnosis, Milton Erickson",2,0,0.0
902,Law NUJS Kolkata WB National University of Juridical Sciences India West Bengal,2,2,100.0
903,Northwest Louisiana Technical College,2,1,50.0
904,Oakland Community College,2,2,100.0
905,Oklahoma City Community College,2,2,100.0
906,Welcome to Ogeechee Technical College!,2,2,100.0
907,Ohio State University,2,1,50.0
908,Olivet Nazarene University,2,2,100.0
909,University of the Pacific,2,0,0.0
910,Palomar Community College District,2,2,100.0
911,University System of Georgia,2,2,100.0
912,"Philander Smith College, Think Justice, Little Rock, Arkansas, UNCF, HBCU",2,0,0.0
913,University of New Hampshire,2,1,50.0
914,Pennsylvania Institute of Technology,2,2,100.0
915,Pueblo Community College,2,2,100.0
916,Randolph College,2,2,100.0
917,Riverside Community College District,2,1,50.0
918,Welcome to the University of Redlands,2,2,100.0
919,University of Rhode Island,2,2,100.0
920,Richmont Graduate University,2,2,100.0
921,RIO GRANDE BIBLE INSTITUTE,2,2,100.0
922,Carl Sandburg College,2,1,50.0
923,University of South Carolina,2,2,100.0
924,The University of Scranton,2,2,100.0
925,South Carolina State University,2,1,50.0
926,Sullivan College of Technology & Design,2,1,50.0
927,Seattle University,2,2,100.0
928,Seminole State College of Florida Home Page,2,2,100.0
929,St. Francis College,2,1,50.0
930,Shasta College,2,2,100.0
931,Shawnee Community College Homepage,2,2,100.0
932,Shoreline Community College,2,2,100.0
933,University of South Alabama Homepage,2,2,100.0
934,Columbia-Greene Community College,2,2,100.0
935,Dutchess Community College,2,1,50.0
936,University of St. Thomas,2,2,100.0
937,Schenectady County Community College,2,2,100.0
938,Catholic Seminary Schools,2,2,100.0
939,» The Texas A&M University System,2,2,100.0
940,Tokyo International University of America,2,1,50.0
941,The University of Toledo,2,0,0.0
942,Trinity Western University,2,2,100.0
943,Tunxis Community College,2,0,0.0
944,University of Arkansas Community College at Hope,2,2,100.0
945,University of Arkansas at Little Rock,2,2,100.0
946,The University of Baltimore Online Education,2,1,50.0
947,University of Northern California,2,1,50.0
948,University of North Carolina at Wilmington,2,1,50.0
949,University of Nevada,2,2,100.0
950,The University of Southern Mississippi,2,2,100.0
951,University of the SouthwestHome,2,2,100.0
952,University of Tennessee,2,2,100.0
953,University of West Alabama,2,1,50.0
954,Welcome to the Website for the Institute for Vaccine Safety,2,2,100.0
955,"Associate Degree, College Degrees",2,1,50.0
956,Villa Maria College,2,2,100.0
957,University of Virginia,2,1,50.0
958,Washburn University,2,1,50.0
959,George C Wallace State Community College-Selma,2,2,100.0
960,Welcome to Wharton County Junior College,2,1,50.0
961,Western Institute for Social Research,2,2,100.0
962,William Mitchell College of Law,2,1,50.0
963,West Tennessee Business College,2,1,50.0
964,Contra Costa Community College District,1,1,100.0
965,Arizona Automotive Institute,1,1,100.0
966,Rasmussen College,1,0,0.0
967,Arab American University - Jenin,1,0,0.0
968,American Bible College & Seminary,1,0,0.0
969,American Baptist Seminary of the West,1,0,0.0
970,Asheville-Buncombe Technical Community College,1,1,100.0
971,Atlanta College of Art,1,0,0.0
972,Acadiana Technical College,1,0,0.0
973,American College of Acupuncture & Oriental Medicine,1,1,100.0
974,Atlanta Christian College,1,0,0.0
975,Online Master\'s Degree Programs in Education at American College of Education,1,1,100.0
976,American College of Healthcare Sciences,1,1,100.0
977,ACM â Associated Colleges of the Midwest — Home,1,1,100.0
978,Albertson College of Idaho,1,0,0.0
979,Albany College of Pharmacy and Health Sciences (ACPHS),1,1,100.0
980,American College of Traditional Chinese Medicine,1,0,0.0
981,Amarillo College,1,0,0.0
982,Southwest Acupuncture College,1,0,0.0
983,University of San Diego,1,0,0.0
984,The University of Adelaide,1,0,0.0
985,Career College Los Angeles,1,0,0.0
986,AFI Conservatory,1,1,100.0
987,Alahgaff University,1,1,100.0
988,American Healthcare Institute Continuing Education Nurses Mental Health Professionals Maryland,1,0,0.0
989,Aquinas Institute of Theology > Home,1,1,100.0
990,Lesley University,1,1,100.0
991,American Indian College of the Assemblies of God,1,1,100.0
992,American Institute of Holistic Theology,1,1,100.0
993,The Art Institutes,1,1,100.0
994,All India Institute of Medical Sciences,1,1,100.0
995,Welcome to American Institute of Medical Science and Education,1,1,100.0
996,AIMT American Institute of Medical Technology,1,0,0.0
997,The Art Institute Of Pittsburgh Online Division,1,0,0.0
998,American InterContinental University â AIU South Florida,1,0,0.0
999,Alaska Bible College,1,1,100.0
1000,Alameda Beauty College & Beauty,1,0,0.0
1001,University of Alaska - Anchorage,1,1,100.0
1002,Alaska Career College,1,1,100.0
1003,Albright College,1,0,0.0
1004,State University of New York at Albany,1,1,100.0
1005,Welcome to Albertus Magnus College,1,1,100.0
1006,Alice Lloyd College,1,1,100.0
1007,Allegheny College,1,0,0.0
1008,Welcome to Allegheny College,1,1,100.0
1009,Allentown College of Saint Francis de Sales,1,0,0.0
1010,Allen College,1,1,100.0
1011,Online College Courses & Degrees,1,0,0.0
1012,Online Allied Health and Medical School Education Courses by Allied Health Institute,1,0,0.0
1013,Alpena Community College,1,1,100.0
1014,Altamaha Technical College,1,0,0.0
1015,Concordia College - Moorhead,1,1,100.0
1016,"Fergusson College, Pune",1,1,100.0
1017,Alvernia University,1,1,100.0
1018,Ambassador University,1,1,100.0
1019,Ambassador Baptist College,1,1,100.0
1020,Welcome to Ambria College of Nursing,1,1,100.0
1021,Anderson Medical Career College,1,0,0.0
1022,American College Dublin,1,1,100.0
1023,American Coastline University,1,0,0.0
1024,"Online Colleges, Schools, Universities and Scholarships Reviews by America.edu",1,1,100.0
1025,"Distance Learning, Distance Education, Online Degree at American Global University",1,0,0.0
1026,American Institute for Paralegal Studies,1,0,0.0
1027,Home Antonelli Medical & Professional Institute,1,0,0.0
1028,Anamarc College,1,0,0.0
1029,Arkansas Northeastern College,1,1,100.0
1030,Ancilla College,1,0,0.0
1031,Welcome to Angeles College,1,1,100.0
1032,Angeles Institute,1,1,100.0
1033,Angelina College,1,1,100.0
1034,Welcome to the Anoka Ramsey Community College Website,1,1,100.0
1035,AKKINENI NAGESWARA RAO COLLEGE,1,1,100.0
1036,Saint Anselm College,1,1,100.0
1037,Online College Degree Programs,1,0,0.0
1038,Antioch University - Los Angeles,1,1,100.0
1039,Antioch University New England,1,1,100.0
1040,Antioch University Santa Barbara,1,1,100.0
1041,Antioch University - Seattle,1,1,100.0
1042,Antonelli Institute Art & Photography,1,0,0.0
1043,American Professional Institute,1,0,0.0
1044,"Alpena Community College, Alpena, Michigan, USA",1,1,100.0
1045,Michigan's Largest Evangelical Christian University,1,1,100.0
1046,Arellano University,1,1,100.0
1047,The University of Arizona,1,1,100.0
1048,Arlington Baptist College,1,0,0.0
1049,Texas Career Institute,1,1,100.0
1050,Armstrong Atlantic State University Savannah,1,0,0.0
1051,Army Warrior University,1,0,0.0
1052,The School of the Art Institute of Chicago,1,1,100.0
1053,ASA College,1,0,0.0
1054,Asbury University,1,1,100.0
1055,Alabama Southern Community College,1,0,0.0
1056,Ashmead College Is Now Everest College,1,0,0.0
1057,Online College Degree Programs â Accredited Online School,1,1,100.0
1058,Asian Institute of Medical Studies,1,0,0.0
1059,Asnuntuck Community College,1,0,0.0
1060,Associated Technical College_Home_Los Angeles,1,1,100.0
1061,Athabasca University,1,0,0.0
1062,Athena College of Beauty,1,0,0.0
1063,ATI College,1,1,100.0
1064,Atlanta Technical College,1,1,100.0
1065,Atlantic Cape Community College,1,1,100.0
1066,Atria Institute of Technology,1,1,100.0
1067,ATS Institute of Technology,1,1,100.0
1068,American University of Beirut,1,0,0.0
1069,American University of Biblical Studies,1,0,0.0
1070,Atlanta University Center Consortium,1,0,0.0
1071,American University for Humanities,1,0,0.0
1072,The American University in London,1,1,100.0
1073,The American University of Rome,1,1,100.0
1074,Austin Presbyterian Theological Seminary,1,0,0.0
1075,American University,1,1,100.0
1076,AvancÃ© Beauty College â Train for an Exciting Career in Cosmetology,1,0,0.0
1077,"Massage Therapy & Skin Care Training School, Accredited Cosmetology, Makeup Artist & Esthetics Institute in North Virginia, Maryland & DC",1,0,0.0
1078,Avinashilingam University for Women,1,0,0.0
1079,Shreveport Colleges,1,1,100.0
1080,The Arizona Culinary Institute,1,1,100.0
1081,"AZURE COLLEGE, Great in Demand Career Programs",1,0,0.0
1082,Arizona Western College,1,1,100.0
1083,Broken Arrow Beauty College & Cosmetology Education Center,1,0,0.0
1084,Belmont Abbey College,1,1,100.0
1085,Bacone College,1,0,0.0
1086,Bainbridge State College,1,0,0.0
1087,Welcome to Baker College,1,1,100.0
1088,Baldwin-Wallace College,1,0,0.0
1089,Baptist University of America,1,0,0.0
1090,Bapuji Dental College And Hospital,1,1,100.0
1091,Lincoln University Missouri,1,0,0.0
1092,Barclay College,1,1,100.0
1093,Baruch College,1,1,100.0
1094,Colleges in Georgia,1,0,0.0
1095,Bay State · Bay State College,1,1,100.0
1096,Accredited Christian Bible College & Seminary,1,0,0.0
1097,Baptist College of America,1,1,100.0
1098,Baltimore City Community College,1,1,100.0
1099,Long Island Colleges,1,0,0.0
1100,SS Cyril and Methodius Byzantine Catholic Seminary,1,1,100.0
1101,Becker College,1,0,0.0
1102,"Bellevue College, Washington [Previously Bellevue Community College]",1,1,100.0
1103,Welcome to Bellin College,1,1,100.0
1104,Bellmar Chicago Beauty College,1,0,0.0
1105,Belmont College,1,1,100.0
1106,Welcome to Beloit College,1,1,100.0
1107,Bergin University of Canine Studies,1,1,100.0
1108,Berkeley College,1,1,100.0
1109,Jump Start Your Education at Berkshire Community College,1,1,100.0
1110,Bethany College California,1,1,100.0
1111,Bethel College,1,1,100.0
1112,Bethlehem Bible College ÙÙÙØ© Ø¨ÙØª ÙØ­Ù ÙÙÙØªØ§Ø¨ Ø§ÙÙ ÙØ¯Ø³,1,0,0.0
1113,Benjamin Franklin Institute of Technology,1,1,100.0
1114,The Benjamin Franklin Institute of Global Education,1,0,0.0
1115,Bainbridge Graduate Institute · The Pioneer of Sustainable Business Education,1,0,0.0
1116,Bhavnagar University Official Website,1,0,0.0
1117,Black Hawk College,1,1,100.0
1118,BH Carroll Theological Institute,1,0,0.0
1119,Baltimore Hebrew University,1,0,0.0
1120,Washington Bible College/Capital Bible Seminary,1,0,0.0
1121,Biblical Seminary,1,0,0.0
1122,Baltimore International College Foundation,1,0,0.0
1123,Big Bend Community College,1,1,100.0
1124,Bilkent University,1,1,100.0
1125,State University of New York at Binghamton,1,1,100.0
1126,BioHealth College,1,0,0.0
1127,Birthingway College of Midwifery,1,0,0.0
1128,Bishop State Community College â Mobile,1,1,100.0
1129,BJ's Beauty & Barber College,1,0,0.0
1130,Blackburn College,1,1,100.0
1131,Black River Technical College,1,1,100.0
1132,Blake Austin College,1,1,100.0
1133,Blessed John XXIII National Seminary,1,0,0.0
1134,Welcome to Blinn College,1,0,0.0
1135,Bloomfield College,1,1,100.0
1136,Bethany Lutheran Theological Seminary,1,1,100.0
1137,Blue Cliff Career College,1,1,100.0
1138,Bluewater Bible College & Institute - Home,1,0,0.0
1139,Bank Street College of Education,1,0,0.0
1140,Boise Bible College,1,1,100.0
1141,Boricua College,1,0,0.0
1142,Welcome to Don Bosco Technical Institute,1,1,100.0
1143,Boston Baptist College,1,1,100.0
1144,The Boston Conservatory,1,1,100.0
1145,Baltimore Polytechnic Institute,1,1,100.0
1146,B.P. Koirala Institute of Health Sciences,1,1,100.0
1147,Accredited University Degree Programs in CA & WA,1,0,0.0
1148,Baton Rouge College,1,0,0.0
1149,Blessing-Rieman College of Nursing,1,1,100.0
1150,Briar Cliff College,1,0,0.0
1151,Lincoln College of New England,1,0,0.0
1152,Bridgemont Community and Technical College,1,0,0.0
1153,University of Bridgeport,1,1,100.0
1154,Bridgewater State University,1,1,100.0
1155,Bristol University homepage,1,1,100.0
1156,Bristol University â Quality and Practical Education,1,0,0.0
1157,Broadview University,1,0,0.0
1158,State University of New York College at Brockport,1,1,100.0
1159,The College at Brockport,1,0,0.0
1160,The Brooklyn Culinary Institute,1,0,0.0
1161,Brooks Institute of Photography,1,0,0.0
1162,Brooks College in Long Beach,1,0,0.0
1163,Brookstone College Of Business,1,0,0.0
1164,Brown Mackie College,1,0,0.0
1165,Bryan College Sacramento California,1,0,0.0
1166,Online Career Training at Bryan College Online,1,0,0.0
1167,Colleges in Missouri,1,0,0.0
1168,BryanLGH College of Health Sciences,1,0,0.0
1169,Bryman College is now Everest College,1,0,0.0
1170,Birmingham-Southern College,1,0,0.0
1171,Bangor Theological Seminary,1,0,0.0
1172,Baptist Theological Seminary at Richmond,1,0,0.0
1173,Welcome to Bombay Teachers\' Training College,1,1,100.0
1174,State University of New York at Buffalo,1,1,100.0
1175,State University of New York College at Buffalo,1,1,100.0
1176,Buffalo State College,1,0,0.0
1177,Welcome To Butler Community College,1,1,100.0
1178,Cabrini University,1,0,0.0
1179,Cabrini College,1,0,0.0
1180,"Welcome to CAHSU (Belize Medical College) Homepage. Offshore Medical Schools, Foreign Medical Schools,Caribbean medical school",1,0,0.0
1181,CaliforniaColleges.edu,1,1,100.0
1182,California Southern University,1,1,100.0
1183,California University of Pennsylvania,1,1,100.0
1184,Online Education – Online Degree – California Intercontinental University,1,1,100.0
1185,A Christian Bible College in Kansas City,1,1,100.0
1186,Calvary Midwest Bible College,1,0,0.0
1187,Calvin Theological Seminary,1,1,100.0
1188,Cambridge Junior College,1,0,0.0
1189,Cameron College,1,0,0.0
1190,Welcome to Cañada College,1,1,100.0
1191,West Penn Allegheny Cancer Institute (WPACI),1,0,0.0
1192,Canyon College,1,0,0.0
1193,Capitol College,1,0,0.0
1194,Capri Beauty College,1,1,100.0
1195,Capstone College,1,0,0.0
1196,College Degrees,1,0,0.0
1197,Florida Career College,1,0,0.0
1198,Career Institute,1,0,0.0
1199,Career Point College,1,0,0.0
1200,"California Polytechnic State University, Pomona",1,1,100.0
1201,"California State University, San Bernardino",1,1,100.0
1202,MedSpa Careers Institute,1,0,0.0
1203,Career Technical College,1,0,0.0
1204,Carolinas College of Health Sciences,1,0,0.0
1205,Carver College,1,1,100.0
1206,Casper College,1,1,100.0
1207,Castleton State University,1,1,100.0
1208,Clark Atlanta University,1,0,0.0
1209,Central Bible College,1,1,100.0
1210,Calvary Baptist Seminary,1,1,100.0
1211,Christian Brothers University,1,1,100.0
1212,California College San Diego,1,0,0.0
1213,Carroll College Waukesha,1,0,0.0
1214,Concordia College - Ann Arbor,1,0,0.0
1215,Community College of Aurora in Colorado,1,1,100.0
1216,The Community College of Baltimore County,1,1,100.0
1217,Cumberland County College,1,1,100.0
1218,Community Christian College,1,1,100.0
1219,Community College of Denver,1,1,100.0
1220,The College of Coastal Georgia,1,1,100.0
1221,Corinthian Colleges,1,0,0.0
1222,Cincinnati College of Mortuary Science,1,1,100.0
1223,Clayton College of Natural Health,1,0,0.0
1224,Career College of Northern Nevada,1,0,0.0
1225,Columbia College of Nursing,1,0,0.0
1226,California College of Podiatric Medicine,1,0,0.0
1227,Concordia College - Seward,1,0,0.0
1228,Cincinnati Christian University,1,0,0.0
1229,CDE Career Institute,1,1,100.0
1230,Chief Dull Knife College,1,1,100.0
1231,Catholic Distance University,1,0,0.0
1232,Cebu Doctors\' University . Welcome,1,1,100.0
1233,Cedar Valley College,1,0,0.0
1234,Centenary College,1,0,0.0
1235,Welcome to Central College,1,1,100.0
1236,Central Methodist University in Fayette,1,1,100.0
1237,Central Seminary,1,1,100.0
1238,Centura College Career School,1,1,100.0
1239,Centura College,1,1,100.0
1240,Centura Institute Career School,1,1,100.0
1241,Cerritos College Home Page,1,1,100.0
1242,Cerro Coso Community College Home,1,1,100.0
1243,CES College,1,0,0.0
1244,Welcome To Cape Fear Community College,1,1,100.0
1245,Chancellor University,1,0,0.0
1246,Welcome to Charles of Italy Beauty College,1,1,100.0
1247,Chatfield College,1,0,0.0
1248,COLLEGE OF HAIR DESIGN,1,0,0.0
1249,The University of Chicago Booth,1,1,100.0
1250,National College of Chiropractic,1,0,0.0
1251,Chong Shin University in USA,1,0,0.0
1252,Christ University,1,0,0.0
1253,Christian Life College / Welcome,1,1,100.0
1254,Colorado Heights University,1,0,0.0
1255,Welcome to the world\'s premier culinary college in New York,1,1,100.0
1256,The Council of Independent Colleges,1,1,100.0
1257,Coorg Institute of Dental Sciences,1,0,0.0
1258,California Institute for Human Science,1,1,100.0
1259,Psychology Graduate Programs at California Institute of Integral Studies,1,1,100.0
1260,Cleveland Institute of Music,1,1,100.0
1261,Cebu Institute of Technology – University,1,1,100.0
1262,Welcome to Citrus College,1,1,100.0
1263,City College,1,0,0.0
1264,The Claremont Colleges,1,1,100.0
1265,Clarion University of Pennsylvania,1,1,100.0
1266,Welcome to Clark College,1,1,100.0
1267,Sterling and Francine Clark Art Institute,1,1,100.0
1268,Clatsop Community College,1,1,100.0
1269,Clearwater Christian College,1,0,0.0
1270,Clinch Valley College,1,0,0.0
1271,Clinton College,1,1,100.0
1272,Cloud County Community College,1,0,0.0
1273,Chabot-Las Positas Community College District,1,0,0.0
1274,Central Louisiana Technical College,1,0,0.0
1275,"Christian Leadership University Online Bible College, Online Christian Colleges, and Christian Theology Seminaries",1,0,0.0
1276,Central Maine Community College,1,1,100.0
1277,Copper Mountain Community College,1,1,100.0
1278,Copper Mountain College,1,0,0.0
1279,Central Maine Medical Center College of Nursing and Health Professions,1,0,0.0
1280,University of Central Missouri,1,0,0.0
1281,College of Mount Saint Vincent,1,0,0.0
1282,Carson-Newman College,1,1,100.0
1283,Welcome to Central Nursing College,1,0,0.0
1284,Vocational College,1,1,100.0
1285,Welcome to Central New Mexico Community College,1,1,100.0
1286,College of New Rochelle,1,0,0.0
1287,California National University,1,0,0.0
1288,Coastal Alabama Community College,1,1,100.0
1289,Coastal Carolina Community College,1,1,100.0
1290,Cobb Beauty College,1,0,0.0
1291,College of Charleston,1,0,0.0
1292,Coffeyville Community College,1,1,100.0
1293,Colby Community College,1,1,100.0
1294,Coleman University,1,0,0.0
1295,College for Creative Studies,1,1,100.0
1296,"Design Training, Game Production School, Arizona Design Colleges",1,0,0.0
1297,University of Colorado Health Sciences Center,1,1,100.0
1298,An Online University with Unlimited Possibilities,1,0,0.0
1299,Columbia College Hollywood,1,1,100.0
1300,Columbia College (SC),1,0,0.0
1301,Columbia Evangelical Seminary,1,0,0.0
1302,Northwestern Connecticut Community College,1,0,0.0
1303,Community Business College,1,0,0.0
1304,Welcome to Compass College of Cinematic Arts,1,1,100.0
1305,El Camino College-Compton Center,1,0,0.0
1306,Future University,1,0,0.0
1307,Welcome to Concord University,1,1,100.0
1308,Your Ontario Community College for Full & Part Time Studies,1,0,0.0
1309,Contra Costa College,1,1,100.0
1310,Coppin State University,1,1,100.0
1311,Cornell College,1,0,0.0
1312,Corning Community College,1,1,100.0
1313,Cornish College of the Arts,1,1,100.0
1314,State University of New York College at Cortland,1,1,100.0
1315,Central Ohio Technical College,1,1,100.0
1316,College of the Ouachitas,1,0,0.0
1317,Welcome to CPCC â Central Piedmont Community College,1,1,100.0
1318,Business College Johnstown,1,0,0.0
1319,The Salvation Army College for Officer Training at Crestmont,1,1,100.0
1320,Court Reporting Institute,1,0,0.0
1321,| Court Reporting Institute of Louisiana,1,0,0.0
1322,Crimson Technical Aviation College,1,0,0.0
1323,Crossroads Bible College,1,1,100.0
1324,Crossroads College,1,1,100.0
1325,Private Christian College,1,1,100.0
1326,"California State University, Fresno",1,1,100.0
1327,California State Christian University,1,0,0.0
1328,College of St. Joseph,1,0,0.0
1329,College of Saint Mary,1,1,100.0
1330,The College of St. Scholastica,1,1,100.0
1331,The College of Saint Thomas More adds Saint John Fisher as its co,1,0,0.0
1332,Welcome to Chicago State University,1,1,100.0
1333,California State Polytechnic University,1,0,0.0
1334,The Colorado State University System,1,1,100.0
1335,South Puget Sound Community College,1,0,0.0
1336,Lincoln Culinary Institute,1,1,100.0
1337,Cambridge Technical Institute,1,0,0.0
1338,Christian Theological Seminary,1,1,100.0
1339,Continental Theological Seminary,1,1,100.0
1340,Welcome to the Catholic University of America,1,1,100.0
1341,University of Colorado Anschutz Medical,1,1,100.0
1342,California University of Business and Techology (CUBT) Home Page,1,0,0.0
1343,Columbia Union College,1,0,0.0
1344,University of Colorado at Denver,1,1,100.0
1345,Undergraduate Degrees and Academic Programs for a Great College Education,1,1,100.0
1346,Curtin University,1,1,100.0
1347,The Curtis Institute of Music,1,1,100.0
1348,California University of Science and Medicine,1,1,100.0
1349,Catawba Valley Community College,1,1,100.0
1350,The College of Westchester,1,1,100.0
1351,Cypress College,1,1,100.0
1352,Dade Medical College,1,0,0.0
1353,Dallas Institute of Funeral Service Education Mortuary Profession School Dallas Texas,1,1,100.0
1354,Dana College,1,0,0.0
1355,Darton State College,1,0,0.0
1356,Davis Applied Technology College,1,0,0.0
1357,Davidson County Community College,1,0,0.0
1358,Davis College,1,0,0.0
1359,Davis College > Home,1,1,100.0
1360,Dawn Career Institute,1,1,100.0
1361,Tennessee Career Colleges,1,0,0.0
1362,Dayspring Bible College & Seminary,1,0,0.0
1363,Welcome to Daytona College,1,1,100.0
1364,University of Dubuque,1,1,100.0
1365,Detroit Baptist Theological Seminary,1,1,100.0
1366,Duluth Business University,1,0,0.0
1367,Dominican University of California,1,1,100.0
1368,Dallas County Community College,1,1,100.0
1369,Delhi Technological University,1,0,0.0
1370,DCI Career Institute,1,0,0.0
1371,Welcome to DCT University Center Switzerland,1,0,0.0
1372,Deakin University,1,0,0.0
1373,Welcome to De Anza College,1,1,100.0
1374,The Defiance College,1,1,100.0
1375,San Joaquin Delta College,1,1,100.0
1376,Delaware Valley College,1,0,0.0
1377,Denmark Technical College,1,1,100.0
1378,Welcome to DeSales University,1,1,100.0
1379,"Concordia College, Moorhead, Minn.",1,1,100.0
1380,On Campus & Online College Degree Programs,1,1,100.0
1381,DIA UNIVERSITY,1,0,0.0
1382,Digital University of America + Peace University,1,1,100.0
1383,Design Institute of San Diego,1,1,100.0
1384,Dixie State College of Utah,1,1,100.0
1385,Defense Language Institute Foreign Language Center,1,1,100.0
1386,Lipscomb University,1,0,0.0
1387,Computer Animation College,1,0,0.0
1388,DMART INSTITUTE,1,0,0.0
1389,DOW MEDICAL COLLEGE ALUMNI,1,0,0.0
1390,Dubai Medical College for Girls,1,1,100.0
1391,Welcome to Dayanand Medical College & Hospital (DMC&H),1,1,100.0
1392,Dordt College,1,1,100.0
1393,Welcome to Dover Business College,1,0,0.0
1394,DoveStar Institute,1,0,0.0
1395,Dowling College,1,0,0.0
1396,SUNY Downstate Health Sciences University,1,0,0.0
1397,Dubai Pharmacy College,1,0,0.0
1398,.. Drake College of Business ..  - Home,1,0,0.0
1399,Disciples Seminary Foundation,1,1,100.0
1400,Dabney S Lancaster Community College,1,0,0.0
1401,University of Denver,1,1,100.0
1402,Alfred Nobel University of Economics and Law,1,0,0.0
1403,Duff\'s Business Institute is now Everest Institute,1,0,0.0
1404,Welcome To Duke University Press,1,1,100.0
1405,St. Joseph\'s Seminary,1,1,100.0
1406,Durham Technical Community College,1,0,0.0
1407,Daniel Webster College,1,0,0.0
1408,Divine Word College,1,1,100.0
1409,D'Youville College,1,1,100.0
1410,Padmashree Dr. D.Y. Patil University,1,1,100.0
1411,Utah College,1,1,100.0
1412,Eastern College,1,0,0.0
1413,Eastfield College,1,0,0.0
1414,Emmanuel College,1,0,0.0
1415,Indian Institute of Ecology and Environment,1,1,100.0
1416,The Institute of Ecotechnics,1,1,100.0
1417,Emmanuel Christian Seminary,1,0,0.0
1418,Edmonds Community College,1,0,0.0
1419,Eden Theological Seminary,1,1,100.0
1420,EDIC College,1,0,0.0
1421,Edinboro University of Pennsylvania,1,1,100.0
1422,Edison State College,1,0,0.0
1423,Edison State Community College,1,1,100.0
1424,EDP College,1,0,0.0
1425,Welcome to Eastern Gateway Community College,1,1,100.0
1426,Eastern Iowa Community College District,1,1,100.0
1427,Allied Health College & School,1,1,100.0
1428,Eastern Idaho Technical College,1,0,0.0
1429,Welcome to East Los Angeles College,1,1,100.0
1430,El Centro College,1,0,0.0
1431,Electronic Learning Institute > Home,1,0,0.0
1432,Elim Bible Institute,1,1,100.0
1433,Ellis University,1,0,0.0
1434,Embry Riddle Aeronautical University,1,0,0.0
1435,Eastern Nazarene College,1,0,0.0
1436,Earthnet Institute is a nonprofit organization working to ameilorate global issues through research and partnerships.,1,0,0.0
1437,Eastern New Mexico University-Roswell,1,1,100.0
1438,Eastern Oklahoma State College,1,1,100.0
1439,Eastern Oregon University,1,0,0.0
1440,Epic Bible College,1,1,100.0
1441,Erie Institute of Technology,1,1,100.0
1442,Welcome to Elaine Steven Beauty College,1,0,0.0
1443,State University of New York Empire State College,1,1,100.0
1444,Enterprise State Community College,1,1,100.0
1445,About Escondido Bible College,1,0,0.0
1446,ETI Technical College of Niles,1,1,100.0
1447,Evangel Theological Seminary,1,1,100.0
1448,Evangelical Seminary,1,1,100.0
1449,Evangelical Theological Seminary,1,1,100.0
1450,University of Evansville,1,1,100.0
1451,Evergreen Valley College,1,1,100.0
1452,Everest College,1,0,0.0
1453,Everest College Phoenix,1,0,0.0
1454,Everest Institute,1,0,0.0
1455,Online Degrees & Classes through Everest University Online,1,0,0.0
1456,The Evergreen State College,1,1,100.0
1457,Edward Waters University,1,1,100.0
1458,East West Institute of Technology,1,0,0.0
1459,"Expression College for Digital Arts â Sound, Motion Graphics, Animation and Visual Effects, Game Art Design, Interactive Audio, and Digital Filmmaking School",1,0,0.0
1460,Welcome to Fairfield University,1,1,100.0
1461,Faith Evangelical College and Seminary,1,0,0.0
1462,The University of Maine Farmington,1,1,100.0
1463,Fashion Careers College,1,0,0.0
1464,James H Faulkner State Community College,1,0,0.0
1465,Franklin College Switzerland,1,0,0.0
1466,Florida Christian College,1,0,0.0
1467,"Integrative Medicine, chinese Medicine, Florida College of Integrative Medicine",1,1,100.0
1468,First Coast Technical College,1,1,100.0
1469,Fond du Lac Tribal and Community College,1,1,100.0
1470,Felician College,1,1,100.0
1471,Fergusson College,1,1,100.0
1472,Florida Hospital College of Health Sciences,1,0,0.0
1473,The Franklin Institute,1,1,100.0
1474,The University of Findlay,1,1,100.0
1475,Finlandia University,1,0,0.0
1476,Five Colleges,1,1,100.0
1477,Florida Keys Community College,1,0,0.0
1478,Tallahassee Community College,1,0,0.0
1479,State University System of Florida,1,1,100.0
1480,L E Fletcher Technical Community College,1,1,100.0
1481,Fletcher Technical Community College,1,0,0.0
1482,Florida Vedic College,1,1,100.0
1483,Florida Memorial College,1,1,100.0
1484,Welcome to Florida Medical Training Institute,1,1,100.0
1485,Florida Metropolitan University (FMU) Online is now Everest University Online,1,0,0.0
1486,Welcome to Fontys University of Applied Sciences,1,1,100.0
1487,Forest Institute,1,0,0.0
1488,Forrest College,1,1,100.0
1489,Foundations Bible College & Theological Seminary,1,1,100.0
1490,Fountainhead College of Technology in Knoxville TN,1,0,0.0
1491,Fox College,1,1,100.0
1492,Fort Peck Community College,1,1,100.0
1493,Frank Phillips College,1,1,100.0
1494,Saint Francis University,1,1,100.0
1495,THE FRANKLIN CAREER INSTITUTE,1,0,0.0
1496,Feather River Community College District,1,0,0.0
1497,State University of New York College at Fredonia,1,1,100.0
1498,Fresno City College,1,1,100.0
1499,Fitchburg State College,1,0,0.0
1500,The Florida State University,1,1,100.0
1501,Five Towns College,1,1,100.0
1502,Florida Technical College,1,1,100.0
1503,Frederick Taylor University,1,1,100.0
1504,Flathead Valley Community College,1,1,100.0
1505,Free Will Baptist Bible College,1,0,0.0
1506,Galen College,1,1,100.0
1507,Gallaudet University,1,1,100.0
1508,Garden City College of science and management studies,1,0,0.0
1509,GateWay Community College,1,1,100.0
1510,Gavilan College,1,1,100.0
1511,Great Basin College,1,1,100.0
1512,GRACE BIBLE COLLEGE,1,0,0.0
1513,Glendale University,1,1,100.0
1514,Garden City Community College,1,1,100.0
1515,Gretna Career College,1,0,0.0
1516,Gloucester County College,1,0,0.0
1517,Welcome to Grace College of Divinity,1,0,0.0
1518,Georgia Career Institute,1,1,100.0
1519,State University of New York College at Geneseo,1,1,100.0
1520,Germanna Community College,1,1,100.0
1521,George Fox College,1,0,0.0
1522,Graduate Institute of Applied Linguistics,1,0,0.0
1523,Gibbs College  Boston,1,0,0.0
1524,"Gibbs College in Livingston, New Jersey  College Programs for the Career Minded Student",1,0,0.0
1525,Career Focused Programs at Gibbs College Cranston,1,0,0.0
1526,Girard College,1,1,100.0
1527,KLS Gogte Institute of Technology,1,1,100.0
1528,Welcome to GITAM University,1,1,100.0
1529,Great Lakes Christian College > Home,1,1,100.0
1530,Welcome to the Global Language Institute,1,0,0.0
1531,Globe Institute of Technology,1,0,0.0
1532,Gurukul Lutheran Theological College & Research Institute,1,1,100.0
1533,GMI Engineering and Management Institute,1,0,0.0
1534,Welcome to George Mason University,1,1,100.0
1535,Baptist Bible College Home,1,0,0.0
1536,"Columbia College, Sonora California. A California Community College in the Sierra Foothills",1,1,100.0
1537,Goddard College,1,0,0.0
1538,Golden West College,1,1,100.0
1539,Golf Colleges,1,0,0.0
1540,"Golf Schools, Golf Colleges",1,1,100.0
1541,Gonzaga University,1,1,100.0
1542,Lakeshore Technical College,1,1,100.0
1543,Georgia Perimeter College,1,0,0.0
1544,Grace University,1,1,100.0
1545,Grand Teton University Home Page,1,1,100.0
1546,Granite State College,1,1,100.0
1547,Grayson College,1,1,100.0
1548,Great Bay Community College,1,1,100.0
1549,Greenleaf University Online Degree Programs,1,0,0.0
1550,Green Mountain College,1,0,0.0
1551,Welcome to Green River Community College,1,1,100.0
1552,Griggs University,1,1,100.0
1553,Grossmont College,1,1,100.0
1554,Good Samaritan College of Nursing,1,1,100.0
1555,The General Theological Seminary,1,1,100.0
1556,Guardian College,1,0,0.0
1557,Gulf Coast State College,1,1,100.0
1558,Fortis College in Tampa Florida,1,1,100.0
1559,Hagerstown Maryland University Degrees,1,0,0.0
1560,Hagerstown Community College,1,1,100.0
1561,"Beauty School, Cosmetology & Hair College",1,0,0.0
1562,Hallmark Institute of Photography / Photography School,1,1,100.0
1563,Hallmark College,1,1,100.0
1564,Hallmark University,1,1,100.0
1565,Online University Degrees and,1,0,0.0
1566,Harcum College,1,1,100.0
1567,Welcome to the Harid Conservatory,1,1,100.0
1568,Harper College,1,1,100.0
1569,"Harrington College of Design â Interior Design Program, Digital Photography, Graphic Design & Interior Design Schools",1,0,0.0
1570,University of Hartford,1,1,100.0
1571,Welcome to Hartnell College!!,1,1,100.0
1572,Welcome to Harvest Bible University,1,1,100.0
1573,Hellenic American University,1,1,100.0
1574,University of Hawaii at Manoa,1,1,100.0
1575,Hawaii Tokai International College,1,0,0.0
1576,Haywood Community College,1,1,100.0
1577,Houston Baptist University,1,1,100.0
1578,Hillsdale Free Will Baptist College,1,1,100.0
1579,Hellenic College and Holy Cross Greek Orthodox,1,1,100.0
1580,Huntington College of Health Sciences,1,0,0.0
1581,Health Career Institute,1,1,100.0
1582,Heritage Christian University,1,1,100.0
1583,"Health Works Institute, Massage Therapy and Esthetics Program",1,0,0.0
1584,Heartland Community College,1,1,100.0
1585,Heartland Baptist Bible College,1,1,100.0
1586,Hebron University,1,1,100.0
1587,Heidelberg University,1,1,100.0
1588,Heritage College,1,1,100.0
1589,Heritage Bible College,1,1,100.0
1590,- Heritage Institute of Technology -   - Home,1,1,100.0
1591,Herzing University Online,1,1,100.0
1592,New Hampshire Colleges,1,0,0.0
1593,Holy Family University,1,1,100.0
1594,Hibbing Community College,1,0,0.0
1595,Hickey College,1,0,0.0
1596,Hawaii College Of Oriental Medicine,1,0,0.0
1597,Welcome to Highland Community College,1,1,100.0
1598,Welcome to Hill College,1,1,100.0
1599,ç§è·ç¥å­¸é¢ Christian Ministry Institute,1,1,100.0
1600,Welcome to H. L. College of Commerce,1,1,100.0
1601,Holy Names University,1,1,100.0
1602,Ohio Technical College,1,1,100.0
1603,The Heritage Institute,1,1,100.0
1604,Holmes Bible College,1,1,100.0
1605,Homeopathic College of Canada,1,0,0.0
1606,Welcome to Hood Theological Seminary,1,1,100.0
1607,"California State University, Long Beach",1,1,100.0
1608,University of Houston System,1,0,0.0
1609,State University of New York Downstate Medical Center,1,0,0.0
1610,State University of New York Health Sience Centre Syracuse,1,0,0.0
1611,Hebrew Theological College,1,1,100.0
1612,Hawaii Technology Institute,1,0,0.0
1613,Hypnosis Training College,1,1,100.0
1614,Marshalltown Community College,1,1,100.0
1615,Welcome to IBAIS University,1,0,0.0
1616,International Business College,1,0,0.0
1617,International Baptist College,1,0,0.0
1618,International College of Broadcasting,1,0,0.0
1619,International City Beauty College,1,0,0.0
1620,On Campus & Online College Degrees,1,0,0.0
1621,The Institute of Contemporary Psychoanalysis,1,1,100.0
1622,Institute for Creation Research Education,1,1,100.0
1623,Seminary of the Immaculate Conception,1,1,100.0
1624,Construction School Brooklyn NY Technical School Institute of Design & Construction,1,1,100.0
1625,"Masters and postgraduates Barcelona. MBA, in company courses, on line courses, Executive Education, IDEC Pompeu Fabra University",1,0,0.0
1626,Interior Designers Institute,1,1,100.0
1627,Island Drafting and Technical Institute – Associate Degrees in Drafting and Electronics,1,1,100.0
1628,International Institute of Cosmetology,1,0,0.0
1629,Welcome to Indian Institute of Foreign Trade,1,0,0.0
1630,Ilisagvik College,1,1,100.0
1631,University of Illinois at Urbana-Champaign,1,1,100.0
1632,Welcome to ILS Law College,1,1,100.0
1633,Indiana Baptist College // Welcome,1,0,0.0
1634,INHA University,1,0,0.0
1635,Home â InovaTech College of Business and Technology,1,0,0.0
1636,The Institute of Technology,1,0,0.0
1637,IntelliTec College - Grand Junction,1,1,100.0
1638,Intercollege,1,0,0.0
1639,Interface College,1,0,0.0
1640,International College of Cosmetology » Financial Aid Available to those who qualify! Evening Classes Available.,1,0,0.0
1641,University of Windsor,1,0,0.0
1642,INSTITUTE OF THERAPEUTIC MASSAGE LIMA,1,0,0.0
1643,Welcome to International Open University,1,1,100.0
1644,Indiana University/Purdue University at Fort Wayne,1,0,0.0
1645,Institute of Productivity & Management,1,1,100.0
1646,Institute of Production & Recording,1,0,0.0
1647,Institute for the Psychological Sciences,1,0,0.0
1648,Irene\'s Myomassology Institute,1,1,100.0
1649,Irvine University,1,0,0.0
1650,University of Southern California,1,1,100.0
1651,Itasca Community College,1,0,0.0
1652,Institute of Taoist Education and Acupuncture,1,1,100.0
1653,Ithaca College,1,1,100.0
1654,ITI Technical College,1,1,100.0
1655,"Institut Teknologi Pertama, Pertama Institute of Technology, Malaysia",1,0,0.0
1656,International Theological Seminary,1,1,100.0
1657,ITT Technical Institute,1,0,0.0
1658,Institute of Textile Technology,1,0,0.0
1659,Indiana University East,1,1,100.0
1660,International University of Fundamental Studies,1,0,0.0
1661,Indiana University at Kokomo,1,1,100.0
1662,Indiana University Northwest,1,1,100.0
1663,Indiana University Southeast,1,1,100.0
1664,Iowa Western Community College,1,1,100.0
1665,The Institute of World Politics,1,1,100.0
1666,The Institute for Worship Studies â Forming Servant Leaders in Christian Worship Renewal,1,1,100.0
1667,Jacksonville College-Main,1,0,0.0
1668,Welcome to Jamestown Business College!,1,0,0.0
1669,Johnson Bible College,1,1,100.0
1670,Jamnalal Bajaj Institute of Management Studies,1,1,100.0
1671,Jamestown College,1,0,0.0
1672,Jefferson College of Health Sciences,1,0,0.0
1673,Jones County Junior College,1,1,100.0
1674,William Jessup University,1,1,100.0
1675,Jordan Evangelical Theological Seminary,1,1,100.0
1676,William Jewell College,1,1,100.0
1677,The Johns Hopkins University Applied Physics Laboratory,1,1,100.0
1678,Mohammad Ali Jinnah University,1,1,100.0
1679,Jiwaji University,1,1,100.0
1680,Welcome to JAMAL MOHAMED COLLEGE (Autonomous),1,1,100.0
1681,José María Vargas University,1,1,100.0
1682,Jawaharlal Nehru Medical College,1,1,100.0
1683,JOHN PAUL II INSTITUTE,1,1,100.0
1684,Welcome to Johnston Community College,1,0,0.0
1685,Jones College,1,0,0.0
1686,Jones International University,1,0,0.0
1687,John Tyler Community College,1,0,0.0
1688,The Jewish Theological Seminary,1,1,100.0
1689,Jacksonville University,1,0,0.0
1690,Kaplan University,1,0,0.0
1691,Online University Degree Programs,1,0,0.0
1692,Kaskaskia College,1,1,100.0
1693,Kendall College of Art and Design,1,1,100.0
1694,Kansas City College and Bible School,1,0,0.0
1695,Kern Community College District,1,1,100.0
1696,Southcentral Kentucky Community and Technical College,1,1,100.0
1697,Kansas City University of Medicine and Biosciences,1,0,0.0
1698,Keene State College,1,1,100.0
1699,The Keeter Center at College of the Ozarks,1,1,100.0
1700,Keiser University,1,1,100.0
1701,Kendall College in Chicago IL,1,0,0.0
1702,Kennesaw State University,1,1,100.0
1703,Kensington College,1,0,0.0
1704,Kent State University,1,0,0.0
1705,Kenyon College,1,1,100.0
1706,Kestrel Institute,1,1,100.0
1707,Kettering University (GMI),1,1,100.0
1708,Welcome to Keuka College,1,1,100.0
1709,Keystone College,1,1,100.0
1710,National Aerospace University Kharkov Aviation Institute,1,1,100.0
1711,Kilgore College,1,1,100.0
1712,Kilian Community College – An affordable University in Sioux Falls,1,0,0.0
1713,King University,1,1,100.0
1714,The King\'s College,1,1,100.0
1715,King College,1,1,100.0
1716,Kingston College,1,0,0.0
1717,The King\'s University,1,0,0.0
1718,Kingswood University,1,1,100.0
1719,Kirkwood Community College,1,1,100.0
1720,Kavikulguru Institute Of Technology And Science,1,1,100.0
1721,Klamath Community College,1,1,100.0
1722,K.L.N. College of Engineering,1,1,100.0
1723,Knox College,1,1,100.0
1724,Knox Theological Seminary,1,1,100.0
1725,Knoxville College,1,1,100.0
1726,Kongu Engineering College,1,1,100.0
1727,Korea University,1,1,100.0
1728,Welcome to K.S.Rangasamy College of Arts & Science(Autonomous),1,1,100.0
1729,The University of Kansas,1,1,100.0
1730,University of Kansas,1,1,100.0
1731,Kuwait University,1,0,0.0
1732,Kutztown University of Pennsylvania,1,1,100.0
1733,Kanawha Valley Community and Technical College,1,0,0.0
1734,KENTUCKY WESLEYAN COLLEGE,1,1,100.0
1735,Mount St. Mary's College California,1,0,0.0
1736,Labette Community College,1,1,100.0
1737,Laboure College,1,1,100.0
1738,Southern California University of Health Sciences,1,1,100.0
1739,Los Angeles Community College District,1,1,100.0
1740,Louisiana College,1,0,0.0
1741,Louisiana Delta Community College,1,0,0.0
1742,LADO College,1,1,100.0
1743,Lafayette College · Lafayette College,1,1,100.0
1744,LaGrange College,1,1,100.0
1745,Los Angeles Harbor College,1,1,100.0
1746,La James College,1,1,100.0
1747,Lake Erie College,1,0,0.0
1748,Welcome to Lake Forest College,1,1,100.0
1749,Welcome to Lakeland College,1,1,100.0
1750,Lakeland Community College,1,1,100.0
1751,Lake Land College,1,1,100.0
1752,Lake Michigan College,1,1,100.0
1753,Lakeview College of Nursing,1,1,100.0
1754,Lakewood College,1,0,0.0
1755,Lamar University,1,1,100.0
1756,Lamar Community College,1,1,100.0
1757,Lamar State College-Port Arthur,1,1,100.0
1758,Lamar State College,1,0,0.0
1759,Los Angeles Mission College,1,1,100.0
1760,Lamson College,1,0,0.0
1761,Lancaster General College,1,0,0.0
1762,Lancaster Theological Seminary,1,1,100.0
1763,Lander University,1,1,100.0
1764,Landmark College,1,1,100.0
1765,Laney College,1,1,100.0
1766,Eugene Lang College,1,0,0.0
1767,Langston University,1,1,100.0
1768,"Lanier Technical College, a Unit of the Technical College System of Georgia",1,0,0.0
1769,Los Angeles College,1,1,100.0
1770,Laredo Community College,1,0,0.0
1771,Welcome to La Roche College!,1,1,100.0
1772,La Salle University,1,1,100.0
1773,Los Angeles Southwest College,1,1,100.0
1774,Lasell College,1,1,100.0
1775,La Sierra University,1,1,100.0
1776,Las Positas College,1,1,100.0
1777,Lassen Community College,1,1,100.0
1778,Louisiana Tech University,1,0,0.0
1779,Los Angeles Trade Technical College,1,1,100.0
1780,LEBANESE AMERICAN UNIVERSITY,1,0,0.0
1781,Laurel University,1,0,0.0
1782,Laurus Technical Institute,1,0,0.0
1783,Laurus College,1,1,100.0
1784,Los Angeles Valley College,1,1,100.0
1785,University of La Verne,1,1,100.0
1786,Lawrence University,1,1,100.0
1787,Lawson State Community College,1,1,100.0
1788,LAWTON CAREER INSTITUTE,1,0,0.0
1789,Long Beach City College,1,1,100.0
1790,Little Big Horn College,1,0,0.0
1791,Liberty Baptist Theological Seminary and Graduate School,1,0,0.0
1792,Louisiana Baptist University and Theological Seminary,1,1,100.0
1793,Laguna College of Art and Design,1,1,100.0
1794,Lansing Community College,1,1,100.0
1795,Lehigh Carbon Community College,1,1,100.0
1796,Lewis and Clark College,1,1,100.0
1797,Lac Courte Oreilles Ojibwa Community College,1,1,100.0
1798,Lewis-Clark State College,1,0,0.0
1799,Louisiana Community and Technical College System,1,0,0.0
1800,Lubbock Christian University,1,1,100.0
1801,Life Christian University,1,1,100.0
1802,Latter-day Saints Business College,1,0,0.0
1803,Lake Erie College of Osteopathic Medicine,1,1,100.0
1804,Lee College,1,1,100.0
1805,Lee University,1,1,100.0
1806,Lehigh University,1,1,100.0
1807,Lehigh Valley College,1,0,0.0
1808,Lehman College,1,1,100.0
1809,Leiden University,1,1,100.0
1810,Le Moyne College,1,1,100.0
1811,Lenoir Community College,1,1,100.0
1812,LOGOS Evangelical Seminary.,1,1,100.0
1813,LeTourneau University,1,1,100.0
1814,Lewis College of Business,1,0,0.0
1815,Lewis University,1,0,0.0
1816,Lexington College,1,0,0.0
1817,Lexington Theological Seminary,1,1,100.0
1818,Lord Fairfax Community College,1,0,0.0
1819,Lock Haven University of Pennsylvania,1,0,0.0
1820,Long Island Barber Institute,1,0,0.0
1821,Liberty University Christian College Education,1,1,100.0
1822,LONG ISLAND BUSINESS INSTITUTE,1,0,0.0
1823,"California State University, Northridge",1,1,100.0
1824,Life University,1,1,100.0
1825,Life Pacific College (LIFE Bible College),1,1,100.0
1826,Life Chiropractic College West,1,1,100.0
1827,Laboratory Institute of Merchandising,1,1,100.0
1828,Limestone College,1,1,100.0
1829,Lincoln University San Francisco,1,1,100.0
1830,Lincoln Christian University,1,0,0.0
1831,Lincoln College IL,1,1,100.0
1832,Lincoln Institute of Land Policy > Home,1,1,100.0
1833,Accredited Online College,1,1,100.0
1834,Lindenwood University,1,1,100.0
1835,Northwest Lineman College,1,1,100.0
1836,Linfield College,1,1,100.0
1837,Linn-Benton Community College,1,1,100.0
1838,Linn State Technical College,1,0,0.0
1839,Lamar Institute of Technology,1,1,100.0
1840,Cankdeska Cikana Community College,1,1,100.0
1841,Welcome to Little Priest Tribal College,1,1,100.0
1842,Livingstone College,1,1,100.0
1843,Lincoln Land Community College,1,1,100.0
1844,Loma Linda University,1,1,100.0
1845,Lees-McRae College,1,1,100.0
1846,Lincoln Memorial University,1,1,100.0
1847,Logan College of Chiropractic University Programs,1,1,100.0
1848,Institute of Logistical Management,1,0,0.0
1849,Lone Star College System  Careers. Not just jobs.,1,1,100.0
1850,Colleges in Arizona,1,0,0.0
1851,Longwood University,1,0,0.0
1852,Longy School of Music of Bard College,1,1,100.0
1853,Lon Morris College,1,0,0.0
1854,Lorain County Community College,1,0,0.0
1855,Loras College Loras College,1,1,100.0
1856,Los Medanos College,1,1,100.0
1857,Los Rios Community College District,1,1,100.0
1858,Welcome to Louisburg College!,1,1,100.0
1859,University of Louisiana at Lafeyette,1,1,100.0
1860,Lourdes University,1,1,100.0
1861,Lower Columbia College,1,1,100.0
1862,Loyola University New Orleans,1,1,100.0
1863,Loyola University Maryland,1,1,100.0
1864,Louisville Presbyterian Theological Seminary,1,1,100.0
1865,Lenoir-Rhyne University,1,1,100.0
1866,Lenoir-Rhyne College,1,0,0.0
1867,Luther Rice Seminary / University / Online Seminary / Theological Seminary,1,0,0.0
1868,Lake Superior College,1,1,100.0
1869,Lamar State College-Orange,1,1,100.0
1870,Lake Superior State University,1,1,100.0
1871,Louisiana State University and Agricultural and Mechanical College,1,1,100.0
1872,Louisiana State University at Alexandria,1,0,0.0
1873,Louisiana State University-Eunice,1,1,100.0
1874,Louisiana State University in Shreveport,1,1,100.0
1875,Lake Tahoe Community College,1,1,100.0
1876,Lutheran Theological Seminary,1,1,100.0
1877,Lutheran Theological Southern Seminary // Home,1,0,0.0
1878,Lawrence Technological University,1,1,100.0
1879,Loyola University of Chicago,1,1,100.0
1880,Luna Community College,1,1,100.0
1881,Luther College,1,1,100.0
1882,Luther Seminary,1,1,100.0
1883,Luzerne County Community College,1,1,100.0
1884,Las Vegas College is now Everest College,1,0,0.0
1885,Lebanon Valley College,1,1,100.0
1886,Lake Washington Institute of Technology,1,0,0.0
1887,Lycoming College,1,1,100.0
1888,Lynchburg College in Lynchburg,1,1,100.0
1889,Lyndon State College of Vermont,1,0,0.0
1890,Lynn University,1,1,100.0
1891,Lyon College,1,1,100.0
1892,Westfield State University,1,0,0.0
1893,MacMurray College,1,1,100.0
1894,Macalester College,1,1,100.0
1895,Moberly Area Community College,1,1,100.0
1896,MacCormac College,1,1,100.0
1897,University of Maine at Machias,1,1,100.0
1898,Macomb Community College,1,1,100.0
1899,Macon State College in Macon and Warner Robins,1,0,0.0
1900,Madison Area Technical College,1,1,100.0
1901,Madonna University,1,1,100.0
1902,College of Saint Mary Magdalen,1,0,0.0
1903,Magdalen College II,1,1,100.0
1904,University of Maine at Presque Island,1,1,100.0
1905,Malone University,1,1,100.0
1906,MidAmerica Nazarene University (MNU),1,0,0.0
1907,Manchester Community College,1,0,0.0
1908,Manhattan College,1,0,0.0
1909,Manhattan Area Technical College,1,1,100.0
1910,Manhattanville College,1,0,0.0
1911,Welcome to the official site of Manipal University(MU),1,1,100.0
1912,Mannes College The New School For Music,1,0,0.0
1913,Manor College,1,1,100.0
1914,Mansfield University of Pennsylvania,1,1,100.0
1915,"Marian University Indianapolis, a Catholic liberal arts university.",1,1,100.0
1916,"Marian College, LVN Programs, LPN Vocational Nursing Los Angeles & Van Nuys, CA",1,1,100.0
1917,Maricopa County Community College District,1,1,100.0
1918,Marietta College,1,1,100.0
1919,Maritime Institute,1,0,0.0
1920,Marlboro College,1,1,100.0
1921,Marquette University,1,1,100.0
1922,Marshall University,1,1,100.0
1923,Martin University,1,1,100.0
1924,Martin Community College,1,1,100.0
1925,Martin Methodist College,1,0,0.0
1926,Marygrove College,1,0,0.0
1927,Marylhurst University,1,0,0.0
1928,Welcome to Marymount University!,1,1,100.0
1929,Maryville College,1,1,100.0
1930,Marywood University Home,1,1,100.0
1931,Welcome to Massasoit Community College,1,0,0.0
1932,University of Massachusetts System,1,0,0.0
1933,Massachusetts College of Art and Design,1,1,100.0
1934,Massachusetts Bay Community College,1,1,100.0
1935,MassBay Community College,1,0,0.0
1936,The Master\'s College,1,1,100.0
1937,Milwaukee Area Technical College,1,0,0.0
1938,Millennia Atlantic University,1,1,100.0
1939,Mayland Community College,1,1,100.0
1940,Maranatha Baptist Bible College,1,0,0.0
1941,Mary Baldwin College,1,1,100.0
1942,Metropolitan Business Institute,1,1,100.0
1943,Midwestern Baptist Theological Seminary,1,1,100.0
1944,Mississippi College,1,1,100.0
1945,Montgomery County Community College,1,1,100.0
1946,Memphis College of Art,1,0,0.0
1947,MCAD / Minneapolis College of Art and Design,1,1,100.0
1948,Mid-Continent Baptist Bible College,1,0,0.0
1949,Welcome to Mott Community College,1,1,100.0
1950,Metropolitan Community College (MO),1,1,100.0
1951,Metropolitan Community College,1,1,100.0
1952,Mount Carmel College of Nursing,1,0,0.0
1953,Metropolitan Community College (NE),1,1,100.0
1954,McCormick Theological Seminary,1,1,100.0
1955,McDaniel College,1,1,100.0
1956,McDowell Technical Community College,1,1,100.0
1957,Medical College of Georgia,1,0,0.0
1958,The McGregor School of Antioch University,1,0,0.0
1959,McHenry County College,1,1,100.0
1960,McKendree University,1,1,100.0
1961,McKenzie College,1,1,100.0
1962,McLennan Community College,1,1,100.0
1963,McMurry University,1,1,100.0
1964,McNally Smith College of Music,1,0,0.0
1965,McNeese State University,1,1,100.0
1966,Metropolitan College of New York,1,1,100.0
1967,Welcome to Methodist College,1,0,0.0
1968,McPherson College,1,1,100.0
1969,Medical College of Pennsylvania and Hahnemann University,1,1,100.0
1970,Mountwest Community and Technical College,1,1,100.0
1971,Miami Christian University,1,0,0.0
1972,Medical College of Wisconsin,1,1,100.0
1973,Miami Dade College,1,1,100.0
1974,Washington County Community College,1,0,0.0
1975,Maine College of Art,1,1,100.0
1976,Mountain Empire Community College,1,0,0.0
1977,Mater Ecclesiae College,1,0,0.0
1978,Medaille College,1,0,0.0
1979,Medical Careers Institute,1,0,0.0
1980,Welcome to the Middle East Institute,1,1,100.0
1981,The University of Melbourne,1,0,0.0
1982,The University of Memphis,1,1,100.0
1983,Mendocino College,1,1,100.0
1984,Menlo College,1,1,100.0
1985,MentorCollege.edu.,1,1,100.0
1986,Mercer University,1,1,100.0
1987,Mercy College,1,1,100.0
1988,Mercyhurst University,1,1,100.0
1989,Meredith College,1,1,100.0
1990,Equestrian Colleges,1,0,0.0
1991,Meridian Institute,1,0,0.0
1992,Meridian University,1,1,100.0
1993,Merrell University,1,1,100.0
1994,Welcome to Merrimack College,1,1,100.0
1995,Merritt College,1,1,100.0
1996,Mesa State College,1,1,100.0
1997,Mesabi Range Community and Technical College,1,0,0.0
1998,Mesa Community College,1,0,0.0
1999,Mesalands Community College,1,1,100.0
2000,Messiah College,1,1,100.0
2001,Methodist University,1,1,100.0
2002,Nebraska Methodist College (The Josie Harper,1,1,100.0
2003,Metropolitan Arts University,1,0,0.0
2004,Metropolitan State University,1,1,100.0
2005,Middle Georgia State College,1,1,100.0
2006,Middle Georgia College,1,0,0.0
2007,Mississippi Gulf Coast Community College,1,1,100.0
2008,UG CAP MG University,1,0,0.0
2009,"Musicians Institute, Leading Music School in Los Angeles for Contemporary Music Education",1,1,100.0
2010,Milwaukee Institute of Art and Design,1,1,100.0
2011,University of Miami,1,1,100.0
2012,Maryland Institute,1,1,100.0
2013,Middlebury College,1,1,100.0
2014,Middle Georgia Technical College,1,0,0.0
2015,Welcome to Middlesex County College,1,0,0.0
2016,Welcome to Midland College,1,1,100.0
2017,Midlands Technical College,1,1,100.0
2018,Midland University,1,1,100.0
2019,Mid Michigan Community College,1,1,100.0
2020,Mid-South Community College,1,0,0.0
2021,Midstate College,1,0,0.0
2022,Midway College,1,1,100.0
2023,Midwest Technical Institute,1,1,100.0
2024,Monterey Institute of International Studies,1,1,100.0
2025,Milan Institute & Milan Institute of Cosmetology,1,1,100.0
2026,Welcome to Miles College,1,1,100.0
2027,Miles Community College,1,1,100.0
2028,Miller College,1,0,0.0
2029,Millersville University of Pennsylvania,1,1,100.0
2030,Millersville University,1,1,100.0
2031,Millikin University,1,1,100.0
2032,Liberal Arts College,1,1,100.0
2033,Millsaps College,1,1,100.0
2034,Mineral Area College,1,1,100.0
2035,Minerva University,1,1,100.0
2036,Minneapolis Community and Technical College,1,1,100.0
2037,Minneapolis Business College,1,0,0.0
2038,Minnesota State Community and Technical College,1,1,100.0
2039,Minot State University,1,1,100.0
2040,MiraCosta College,1,1,100.0
2041,Mission College,1,1,100.0
2042,University of Missouri - Columbia,1,1,100.0
2043,Missouri College,1,0,0.0
2044,Missouri State University-West Plains,1,1,100.0
2045,Massachusetts Institute of Technology,1,1,100.0
2046,Mitchell Community College,1,1,100.0
2047,Mitchell Technical Institute,1,1,100.0
2048,Maharishi University of Management,1,1,100.0
2049,Modesto Junior College,1,1,100.0
2050,Michigan Jewish Institute,1,0,0.0
2051,Mountainland Applied Technology College,1,0,0.0
2052,Martin Luther College,1,1,100.0
2053,Meharry Medical College,1,1,100.0
2054,Minnesota State University Moorhead,1,1,100.0
2055,Minnesota State University,1,1,100.0
2056,Minnesota West Community and Technical College,1,1,100.0
2057,Missouri Baptist University,1,1,100.0
2058,Mount Olive College,1,0,0.0
2059,Mohave Community College,1,1,100.0
2060,Molloy College,1,1,100.0
2061,Monash University,1,1,100.0
2062,JE MONDEJAR COMPUTER COLLEGE,1,1,100.0
2063,Monmouth University,1,1,100.0
2064,Monroe Community College,1,0,0.0
2065,Monroe County Community College,1,1,100.0
2066,Montana State University - Bozeman,1,1,100.0
2067,Montana Bible College,1,1,100.0
2068,Montcalm Community College,1,1,100.0
2069,Montclair State University,1,1,100.0
2070,Monterey College of Law,1,1,100.0
2071,University of Montevallo,1,1,100.0
2072,Montgomery Community College,1,1,100.0
2073,Montgomery College,1,1,100.0
2074,Montreat College,1,1,100.0
2075,"Five Colleges, Incorporated",1,1,100.0
2076,Moody Bible Institute,1,1,100.0
2077,Moore College of Art and Design,1,1,100.0
2078,Moore Career College,1,0,0.0
2079,Moorpark College,1,1,100.0
2080,Moraine Park Technical College,1,1,100.0
2081,Moraine Valley Community College,1,1,100.0
2082,Morehouse College,1,1,100.0
2083,Morgan State University,1,1,100.0
2084,Morgan Community College,1,1,100.0
2085,Morris Brown College,1,1,100.0
2086,Morrisville State College,1,1,100.0
2087,Welcome to Morton College,1,1,100.0
2088,Moultrie Technical College,1,0,0.0
2089,Mount Ida College,1,0,0.0
2090,University of Mount Union,1,1,100.0
2091,Missouri Valley College,1,1,100.0
2092,Monterey Peninsula College,1,1,100.0
2093,Mid-Plains Community College,1,1,100.0
2094,Micropower Career Institute,1,0,0.0
2095,Maple Springs Baptist Bible College & Seminary,1,1,100.0
2096,Globe University & Minnesota,1,0,0.0
2097,Mountain State College,1,0,0.0
2098,Motlow State Community College,1,1,100.0
2099,Mount Senario College,1,0,0.0
2100,Welcome to Murray State College!,1,1,100.0
2101,Mississippi Delta Community College,1,1,100.0
2102,Mt. San Jacinto Community College District,1,1,100.0
2103,Mount St. Mary's College Maryland,1,1,100.0
2104,Mount Saint Mary College,1,1,100.0
2105,"M.S.Ramaiah College of Hotel Management, Bangalore  A Premier Institute in India",1,1,100.0
2106,M S Ramaiah Institute of Technology,1,1,100.0
2107,Missouri Southern State College,1,0,0.0
2108,Mississippi State University,1,1,100.0
2109,Missouri Southern State University,1,1,100.0
2110,Missouri University of Science and Technology,1,1,100.0
2111,Mid-State Technical College,1,1,100.0
2112,Metropolitan State College of Denver,1,1,100.0
2113,Montana State University - Northern,1,1,100.0
2114,Welcome to Winona State University,1,0,0.0
2115,Welcome to Mount Aloysius College,1,1,100.0
2116,Welcome to Marion Technical College,1,1,100.0
2117,Mount Holyoke College,1,1,100.0
2118,Massage Therapy Institute of Colorado,1,0,0.0
2119,MTI College,1,0,0.0
2120,Mount Marty College,1,1,100.0
2121,Moody Theological Seminary and Graduate SchoolâMichigan,1,0,0.0
2122,Mt. San Antonio College,1,0,0.0
2123,Mt. Sierra College,1,0,0.0
2124,Middle Tennessee State University,1,1,100.0
2125,Michigan Technological University,1,1,100.0
2126,Medical University of the Americas,1,1,100.0
2127,Mount Union College,1,0,0.0
2128,Mueller College,1,0,0.0
2129,Muhlenberg College,1,1,100.0
2130,Multnomah Bible College,1,1,100.0
2131,Murray State University on the Web,1,1,100.0
2132,Murray State University,1,0,0.0
2133,Montana University System,1,1,100.0
2134,Welcome to the Medical University of South Carolina,1,1,100.0
2135,Muskegon Community College,1,1,100.0
2136,Welcome to Muskingum University,1,1,100.0
2137,Misr University for Science & Technology,1,0,0.0
2138,Mississippi University for Women,1,1,100.0
2139,Moreno Valley College,1,0,0.0
2140,Mohawk Valley Community College,1,1,100.0
2141,Mount Vernon Nazarene University,1,1,100.0
2142,Mississippi Valley State University,1,1,100.0
2143,Mary Washington College,1,0,0.0
2144,Mount Wachusett Community College in Gardner Massachusetts,1,1,100.0
2145,Mountain West College is now Everest College,1,0,0.0
2146,Missouri Western State College,1,0,0.0
2147,Midwestern State University,1,0,0.0
2148,Middlesex Community College,1,0,0.0
2149,Hellenic College and Holy Cross Greek Orthodox School of Theology,1,1,100.0
2150,Baton Rouge Community College,1,1,100.0
2151,Mycenae University,1,1,100.0
2152,Northeast Louisiana Technical College,1,0,0.0
2153,Myotherapy College of Utah,1,0,0.0
2154,Union Institute & University,1,0,0.0
2155,North American University,1,1,100.0
2156,Newton College,1,0,0.0
2157,Northeast Alabama Community College,1,1,100.0
2158,Napa Valley College,1,1,100.0
2159,National College of Naprapathic Medicine,1,0,0.0
2160,Naropa University,1,1,100.0
2161,Nash Community College,1,1,100.0
2162,Nashotah House Theological Seminary,1,1,100.0
2163,Nashua Community College,1,1,100.0
2164,National American University,1,1,100.0
2165,National Beauty College,1,1,100.0
2166,National Paralegal College,1,1,100.0
2167,Northern Arizona University,1,1,100.0
2168,Navarro College,1,1,100.0
2169,Nayanova University,1,1,100.0
2170,Nazarene Bible College,1,1,100.0
2171,Newport Business Institute • Online Degree Programs,1,0,0.0
2172,NewLife Technical Institute,1,0,0.0
2173,New Brunswick Theological Seminary,1,1,100.0
2174,Northwest College of Art & Design,1,0,0.0
2175,North Carolina Agricultural and Technical State University,1,1,100.0
2176,North Central Bible College,1,0,0.0
2177,Nassau Community College,1,1,100.0
2178,North Country Community College,1,1,100.0
2179,"Best Engineering College Panipat,Engineering College Haryana,Engineering College Haryana India,Engineering College Panipat India",1,0,0.0
2180,North Carolina Central University,1,1,100.0
2181,New College of Florida,1,1,100.0
2182,Welcome to North Central Institute,1,1,100.0
2183,North Central Kansas Technical College,1,0,0.0
2184,North Central Michigan College,1,1,100.0
2185,North Central Missouri College,1,1,100.0
2186,National College of Naturopathic Medicine,1,0,0.0
2187,College of Nursing,1,0,0.0
2188,North Central State College,1,1,100.0
2189,North Carolina State University,1,1,100.0
2190,North Central Texas College,1,1,100.0
2191,"National College of Technical Instruction, EMS Courses, National Registry, Paramedic & EMT Training, NCTI",1,1,100.0
2192,"Online University, Online Degrees & Online Graduate Degrees",1,1,100.0
2193,North Carolina Wesleyan College,1,1,100.0
2194,Notre Dame College of Ohio,1,1,100.0
2195,Notre Dame of Maryland University,1,1,100.0
2196,Notre Dame de Namur University,1,1,100.0
2197,North Dakota State College of Science,1,1,100.0
2198,North Dakota State University,1,1,100.0
2199,National Defense University,1,0,0.0
2200,North Dakota University System,1,0,0.0
2201,New England Bible College,1,1,100.0
2202,University of Nebraska Administration,1,1,100.0
2203,Nebraska Wesleyan University,1,1,100.0
2204,New England College,1,1,100.0
2205,Nebraska Christian College,1,1,100.0
2206,New England Culinary Institute,1,0,0.0
2207,The New England College of Optometry,1,1,100.0
2208,New England Complex Systems Institute,1,1,100.0
2209,New England Institute of Technology,1,1,100.0
2210,Northeastern Illinois University,1,1,100.0
2211,Northeast Mississippi Community College,1,1,100.0
2212,Northeastern Oklahoma A&M College,1,1,100.0
2213,Northeastern Seminary,1,1,100.0
2214,Northeastern Technical College,1,0,0.0
2215,Newberry College,1,1,100.0
2216,Newbury College,1,0,0.0
2217,New College of California,1,1,100.0
2218,University of New Haven,1,1,100.0
2219,Newman University,1,1,100.0
2220,Welcome to the State University of New York at New Paltz!,1,1,100.0
2221,New River Community and Technical College,1,1,100.0
2222,The New School â A New York University,1,1,100.0
2223,North Florida Community College,1,0,0.0
2224,North Hennepin Community College,1,1,100.0
2225,"NHTI, Concord\'s Community College",1,1,100.0
2226,National Hispanic University,1,1,100.0
2227,North Iowa Area Community College,1,1,100.0
2228,Niagara University,1,1,100.0
2229,North Idaho College,1,1,100.0
2230,Northeast Iowa Community College,1,1,100.0
2231,Nicholls State University,1,0,0.0
2232,Nichols College,1,1,100.0
2233,Nicolet Area Technical College,1,1,100.0
2234,Welcome to National Institute of Design,1,1,100.0
2235,Northwest Institute of Literary Arts,1,0,0.0
2236,Northern Illinois University,1,1,100.0
2237,New Jersey Institute of Technology,1,1,100.0
2238,Northern Kentucky University,1,1,100.0
2239,National-Louis University,1,1,100.0
2240,National Labor College Home,1,1,100.0
2241,Northwestern Michigan College,1,1,100.0
2242,Northern Maine Community College,1,1,100.0
2243,Nepal Medical College & Teaching Hospitals,1,1,100.0
2244,New Mexico Highlands University,1,1,100.0
2245,New Mexico Junior College,1,1,100.0
2246,New Mexico Military Institute,1,1,100.0
2247,New Mexico State University-Carlsbad,1,1,100.0
2248,New Mexico State University-Alamogordo,1,0,0.0
2249,New Mexico Institute of Mining and Technology,1,1,100.0
2250,Northern Michigan University,1,1,100.0
2251,Northwest Nazarene College,1,0,0.0
2252,Northwest Nazarene University,1,1,100.0
2253,Northern Oklahoma College,1,1,100.0
2254,North Central College,1,0,0.0
2255,The University of North Dakota,1,0,0.0
2256,Normandale Community College,1,1,100.0
2257,Northampton Community College,1,1,100.0
2258,University of North Carolina,1,1,100.0
2259,Northeast State Community College,1,1,100.0
2260,Northern State University,1,1,100.0
2261,North Georgia Technical College,1,1,100.0
2262,North Lake College,1,0,0.0
2263,The Environmental Liberal Arts College,1,1,100.0
2264,"Northland Community & Technical College – Northland College – East Grand Forks, MN & Thief River Falls, MN",1,1,100.0
2265,North Park University,1,0,0.0
2266,North Seattle Community College,1,1,100.0
2267,North Shore Community College,1,1,100.0
2268,Northshore Technical Community College,1,0,0.0
2269,NW Aviation College,1,0,0.0
2270,Northwest College,1,0,0.0
2271,Northwestern University In Qatar,1,1,100.0
2272,Northwestern College-Chicago,1,0,0.0
2273,Northwestern Technological Institute,1,1,100.0
2274,Northwest Mississippi Community College,1,1,100.0
2275,Northwest State Community College,1,1,100.0
2276,Northwest University,1,0,0.0
2277,Northwood University,1,1,100.0
2278,Norwich University,1,1,100.0
2279,Notre Dame College,1,0,0.0
2280,Nova Southeastern University (NSU) a Private,1,1,100.0
2281,National Park College,1,1,100.0
2282,Northland Pioneer College,1,1,100.0
2283,National Park Community College,1,0,0.0
2284,"National Polytechnic College (NPC) Medical, Dental Assistant, Massage Therapy, Computerized Accounting, Diagnostic Medical Sonography",1,1,100.0
2285,North Park College and Theological Seminary,1,0,0.0
2286,Northwestern Polytechnic University,1,0,0.0
2287,New River Community College,1,1,100.0
2288,Northrop Rice Advanced Institute of Technology (NRAIT) History,1,1,100.0
2289,New Saint Andrews College • Classical. Christian. Liberating Arts.,1,1,100.0
2290,Nevada State College,1,1,100.0
2291,Nashville State Community College,1,1,100.0
2292,The Neurosciences Institute,1,0,0.0
2293,The Norfolk State University,1,0,0.0
2294,Northwestern State University of Louisiana,1,1,100.0
2295,Northeastern State University,1,1,100.0
2296,Northcentral Technical College,1,1,100.0
2297,Northeast Texas Community College,1,1,100.0
2298,Northwest Technical College,1,1,100.0
2299,Northwest Technical Institute (NTI),1,1,100.0
2300,Norwegian University of Science and Technology,1,1,100.0
2301,National Technological University,1,0,0.0
2302,National University,1,1,100.0
2303,National University College,1,1,100.0
2304,National University of Health Sciences,1,1,100.0
2305,Naugatuck Valley Community College,1,0,0.0
2306,Northern Virginia Community College,1,0,0.0
2307,NorthWest Arkansas Community College,1,1,100.0
2308,Northwestern College of Iowa,1,1,100.0
2309,N W College,1,1,100.0
2310,Northwest Christian University,1,0,0.0
2311,Northwest Florida State College,1,1,100.0
2312,NWF State College,1,1,100.0
2313,Northwest Indian College,1,1,100.0
2314,Northwest Iowa Community College,1,1,100.0
2315,NW Institute of Health and Technology,1,0,0.0
2316,Northwest Kansas Technical College,1,0,0.0
2317,Northwestern Oklahoma State University,1,1,100.0
2318,Northwest-Shoals Community College,1,1,100.0
2319,Northeast Wisconsin Technical College,1,1,100.0
2320,Nyack College,1,0,0.0
2321,"New York Chiropractic College  Schools of Chiropractic, Acupuncture, Oriental Medicine and Clinical Nutrition Education",1,0,0.0
2322,New York College of Health Professions,1,1,100.0
2323,Who Are We > New York Institute of Photography,1,1,100.0
2324,New York Institute of Technology (NYIT),1,1,100.0
2325,New York Medical College,1,1,100.0
2326,New York University,1,1,100.0
2327,Oakland City University (OCU)  Oakland City,1,0,0.0
2328,Oak Hills Christian College,1,1,100.0
2329,Oakland University,1,1,100.0
2330,Oakwood University,1,1,100.0
2331,Oak Brook College of Law,1,1,100.0
2332,Olean Business Institute,1,0,0.0
2333,Ouachita Baptist University,1,1,100.0
2334,Oklahoma Christian University,1,1,100.0
2335,Oregon College of Arts and Crafts,1,0,0.0
2336,Oceanside College of Beauty,1,0,0.0
2337,Ozark Christian College,1,1,100.0
2338,Ohio College of Massotherapy,1,0,0.0
2339,Oregon College of Oriental Medicine,1,1,100.0
2340,Ohio College of Podiatric Medicine,1,0,0.0
2341,Ontario College of Reflexology,1,1,100.0
2342,Orangeburg Calhoun Technical College,1,1,100.0
2343,Ohio Dominican College,1,0,0.0
2344,Odessa College,1,0,0.0
2345,Old Dominion University,1,1,100.0
2346,Oregon Graduate Institute of Science and Technology,1,1,100.0
2347,Welcome to Ohio University,1,1,100.0
2348,Online and On Campus Accredited Christian University,1,1,100.0
2349,Ohio Dominican University,1,1,100.0
2350,"Ohlone College, A World of Cultures United in Learning",1,1,100.0
2351,Oregon Health Sciences University,1,1,100.0
2352,Oregon Institute of Technology,1,1,100.0
2353,Otero Junior College,1,0,0.0
2354,Oklahoma Baptist University,1,1,100.0
2355,Oklahoma City University,1,1,100.0
2356,Okefenokee Technical College,1,0,0.0
2357,Oklahoma State University,1,1,100.0
2358,Oglala Lakota College,1,1,100.0
2359,State University of New York College at Old Westbury,1,0,0.0
2360,The University of Mississippi,1,1,100.0
2361,Our Lady of Holy Cross College,1,0,0.0
2362,Olin College of Engineering,1,1,100.0
2363,Olin College,1,1,100.0
2364,Olivet University,1,1,100.0
2365,Our Lady of the Lake University,1,1,100.0
2366,Olympia Career Training Institute is now Everest,1,0,0.0
2367,Omega Bible Institute,1,1,100.0
2368,Omega Institute,1,0,0.0
2369,Omnitech Institute provides quality education to students who wish to pursue careers in technical and medical fields,1,0,0.0
2370,O\'More College of Design,1,0,0.0
2371,Omsk State Pedagogical University,1,0,0.0
2372,State University of New York College at Oneonta,1,0,0.0
2373,Ohio Northern University,1,1,100.0
2374,Oklahoma Panhandle State University,1,1,100.0
2375,Orange Coast College,1,1,100.0
2376,Oregon State University,1,1,100.0
2377,Oral Roberts University,1,1,100.0
2378,State University of New York at Oswego,1,1,100.0
2379,Ozarks Technical Community College,1,1,100.0
2380,Ottawa University,1,1,100.0
2381,Otterbein University,1,1,100.0
2382,The University of Oklahoma,1,1,100.0
2383,The University of Oklahoma Health Sciences Center,1,1,100.0
2384,Ohio Valley College Has Become Ohio Valley University,1,0,0.0
2385,Ohio Valley College of Technology,1,0,0.0
2386,Ohio Valley University,1,0,0.0
2387,Owens Community College,1,1,100.0
2388,Ohio Wesleyan University,1,1,100.0
2389,Oxnard College,1,1,100.0
2390,Occidental College,1,1,100.0
2391,University of the Ozarks,1,1,100.0
2392,Pace University in the City of New York and Westchester County,1,1,100.0
2393,Pace Institute,1,0,0.0
2394,Pacifica Graduate Institute,1,1,100.0
2395,Pacific College,1,1,100.0
2396,Pacific Life Bible College,1,1,100.0
2397,Pacific Oaks College,1,1,100.0
2398,Pacific University,1,1,100.0
2399,Paier College of Art,1,0,0.0
2400,Paine College. Augusta,1,1,100.0
2401,Palmer College of Chiropractic,1,1,100.0
2402,Palmer Theological Seminary,1,1,100.0
2403,Palo Alto University,1,1,100.0
2404,Pamlico Community College,1,1,100.0
2405,University of Texas - Pan American,1,0,0.0
2406,Panola College,1,1,100.0
2407,Paradise Valley Community College,1,1,100.0
2408,ABA Approved Programs and Accredited Paralegal College,1,1,100.0
2409,Paris Junior College,1,0,0.0
2410,Park University,1,1,100.0
2411,Parkland College,1,1,100.0
2412,Parks College is now Everest College,1,0,0.0
2413,Welcome to Paroba College,1,1,100.0
2414,Pasadena City College,1,1,100.0
2415,Passion University Home Page,1,1,100.0
2416,Patrick Henry Community College,1,1,100.0
2417,The Official Website of Patten University,1,1,100.0
2418,Punjab Agricultural University,1,1,100.0
2419,Paul Quinn College,1,1,100.0
2420,Paul Smith\'s College,1,1,100.0
2421,Payne Seminary,1,0,0.0
2422,Palm Beach Atlantic University,1,1,100.0
2423,Palm Beach Atlantic College,1,0,0.0
2424,Welcome to Piedmont International University,1,0,0.0
2425,Pikeville College,1,0,0.0
2426,Pennsylvania College of Art & Design > Your place to prepare for a life in art,1,1,100.0
2427,Portland Community College,1,1,100.0
2428,Passaic County Community College,1,1,100.0
2429,Pensacola Christian College,1,1,100.0
2430,Phillips Community College of the University of Arkansas,1,1,100.0
2431,Philadelphia College of Osteopathic Medicine,1,1,100.0
2432,Pennsylvania College of Technology,1,1,100.0
2433,Pass Christian University,1,0,0.0
2434,Paul D. Camp Community College,1,0,0.0
2435,Welcome to Professional Driver Institute,1,0,0.0
2436,Portland State University,1,1,100.0
2437,Pebble Hills University,1,0,0.0
2438,Pondicherry Engineering College,1,0,0.0
2439,Pembroke State University,1,0,0.0
2440,Welcome to Peninsula College,1,1,100.0
2441,Pennsylvania Highlands Community College,1,1,100.0
2442,Pensacola State College,1,1,100.0
2443,PEOPLES COLLEGE OF LAW,1,0,0.0
2444,Pepperdine University,1,1,100.0
2445,College of Alameda,1,1,100.0
2446,Perelandra College,1,0,0.0
2447,Perry Technical Institute,1,1,100.0
2448,Peru State College,1,1,100.0
2449,Pfeiffer University,1,1,100.0
2450,Prince George's Community College,1,1,100.0
2451,Phillips Graduate Institute,1,0,0.0
2452,Patrick Henry College,1,1,100.0
2453,Pasco-Hernando Community College,1,0,0.0
2454,Welcome to Phillips University,1,1,100.0
2455,Online College Degree Programs â Online School,1,1,100.0
2456,Phoenix Seminary,1,0,0.0
2457,Pasco-Hernando State College,1,1,100.0
2458,Pittsburgh Institute of Aeronautics,1,1,100.0
2459,Piedmont College,1,1,100.0
2460,Piedmont Community College,1,1,100.0
2461,Pierce Colleges Funeral Service Mid,1,1,100.0
2462,Los Angeles Pierce College,1,1,100.0
2463,Pierpont Community and Technical College,1,1,100.0
2464,Pennsylvania Institute of Health and Technology,1,0,0.0
2465,Pima Community College,1,1,100.0
2466,Pine Technical College,1,0,0.0
2467,Pinnacle College,1,0,0.0
2468,Pinnacle Institute of Cosmetology,1,1,100.0
2469,Pioneer Pacific College,1,0,0.0
2470,Pitt Community College,1,1,100.0
2471,Pittsburg State University,1,1,100.0
2472,Pitzer College,1,0,0.0
2473,Pacific Islands University,1,1,100.0
2474,Planwel University,1,1,100.0
2475,Platt College,1,1,100.0
2476,Welcome to Platt College Official Homepage!,1,0,0.0
2477,State University of New York College at Plattsburgh,1,1,100.0
2478,Pacific Lutheran Theological Seminary,1,1,100.0
2479,Pacific Lutheran University,1,1,100.0
2480,Plymouth State University,1,1,100.0
2481,Purdue University North Central,1,0,0.0
2482,Pacific Northwest College of Art,1,0,0.0
2483,Purdue University Northwest,1,1,100.0
2484,Pacific Northwest University of Health Sciences,1,1,100.0
2485,Point Loma Nazarene University,1,1,100.0
2486,Point Park University,1,1,100.0
2487,Welcome to Polk State College!,1,1,100.0
2488,Polytechnic Institute of New York University,1,0,0.0
2489,Pomona College in Claremont,1,1,100.0
2490,Porterville College,1,1,100.0
2491,Post University of Waterbury,1,1,100.0
2492,Washington DC College,1,1,100.0
2493,Potomac State College,1,1,100.0
2494,State University of New York College at Potsdam,1,1,100.0
2495,Pikes Peak Community College,1,0,0.0
2496,Palestine Polytechnic University,1,1,100.0
2497,Prairie Bible Institute,1,1,100.0
2498,Prairie State College,1,1,100.0
2499,Pratt Institute,1,1,100.0
2500,Pratt Community College,1,1,100.0
2501,Puerto Rico Baptist College,1,1,100.0
2502,Peace River Bible Institute,1,1,100.0
2503,Pearl River Community College,1,1,100.0
2504,Premiere Career College,1,1,100.0
2505,Presbyterian College,1,1,100.0
2506,Prescott College,1,1,100.0
2507,Preston University,1,0,0.0
2508,Principia College,1,0,0.0
2509,Princeton University,1,1,100.0
2510,Professional Hands Institute,1,0,0.0
2511,Providence College,1,1,100.0
2512,PSG College of Technology,1,0,0.0
2513,Planetary Science Institute Home,1,1,100.0
2514,Pellissippi State Community College,1,1,100.0
2515,Pennsylvania State University,1,1,100.0
2516,PACIFIC STATES UNIVERSITY,1,1,100.0
2517,Psychosis University,1,0,0.0
2518,Piedmont Technical College,1,1,100.0
2519,Pittsburgh Technical Institute,1,0,0.0
2520,Performance Training Institute,1,0,0.0
2521,Pittsburgh Theological Seminary,1,1,100.0
2522,Presbyterian Theological Seminary in America,1,0,0.0
2523,Phillips Theological Seminary,1,1,100.0
2524,Pacific Union College,1,1,100.0
2525,University of Puget Sound,1,1,100.0
2526,Pulaski Technical College,1,0,0.0
2527,Polytechnic University of Puerto Rico,1,1,100.0
2528,State University of New York College at Purchase,1,1,100.0
2529,Purdue University,1,1,100.0
2530,Purdue University Calumet,1,0,0.0
2531,Purdue Global University (Student email),1,1,100.0
2532,Prairie View Agricultural and Mechanical University,1,1,100.0
2533,Piedmont Virginia Community College,1,0,0.0
2534,Quinsigamond Community College,1,1,100.0
2535,Queens University of Charlotte,1,1,100.0
2536,Quest College,1,0,0.0
2537,Quincy University,1,1,100.0
2538,Quincy College,1,1,100.0
2539,Quinnipiac University  Hamden,1,1,100.0
2540,Quinebaug Valley Community College,1,0,0.0
2541,Quantum-Veritas International University,1,1,100.0
2542,Reading Area Community College,1,1,100.0
2543,Radcliffe Institute for Advanced Study,1,1,100.0
2544,Radford University,1,1,100.0
2545,Rainy River Community College,1,0,0.0
2546,Ramapo College of New Jersey,1,1,100.0
2547,Randolph Community College,1,1,100.0
2548,Ranken Technical College,1,1,100.0
2549,Rappahannock Community College,1,1,100.0
2550,Raritan Valley Community College,1,1,100.0
2551,Richard Bland College of the College of William and Mary,1,1,100.0
2552,Rochester College,1,0,0.0
2553,Rowan College at Burlington County,1,1,100.0
2554,Rowan-Cabarrus Community College,1,1,100.0
2555,Royal Canadian Institute of Technology,1,0,0.0
2556,The Royal College of Physicians and Surgeons of Canada,1,0,0.0
2557,Rowan College of South Jersey,1,1,100.0
2558,Rochester Community and Technical College,1,1,100.0
2559,Redstone College,1,0,0.0
2560,Reed College,1,1,100.0
2561,Reedley College,1,1,100.0
2562,Regent College,1,1,100.0
2563,Regent University,1,1,100.0
2564,Regis University,1,1,100.0
2565,Regis College,1,1,100.0
2566,Research Institute for Mathematics (Maine),1,1,100.0
2567,Rhodes College,1,1,100.0
2568,Rhode Island College,1,1,100.0
2569,Rice University,1,0,0.0
2570,Richland Community College,1,1,100.0
2571,Richland College of the Dallas County Community College District,1,0,0.0
2572,Richmond Community College,1,1,100.0
2573,Ridgewater College,1,1,100.0
2574,Ringling College of Art and Design,1,1,100.0
2575,THE UNIVERSITY OF RIO GRANDE,1,1,100.0
2576,Online College,1,1,100.0
2577,Ripon College,1,1,100.0
2578,Rochester Institute of Technology,1,1,100.0
2579,Rivier College,1,0,0.0
2580,Riverland Community College,1,1,100.0
2581,River Valley Community College,1,1,100.0
2582,Welcome to Robert Kennedy College,1,1,100.0
2583,Shri Ramdeobaba College of Engineering and Management,1,1,100.0
2584,Rend Lake College,1,1,100.0
2585,Randolph-Macon College,1,1,100.0
2586,Rocky Mountain College of Art and Design,1,1,100.0
2587,Rich Mountain Community College,1,0,0.0
2588,Robert Morris College of Chicago,1,0,0.0
2589,Rocky Mountain University of Health Professions,1,0,0.0
2590,Randolph-Macon Woman's College,1,0,0.0
2591,Roane State Community College,1,1,100.0
2592,Roanoke College,1,1,100.0
2593,Roanoke-Chowan Community College,1,1,100.0
2594,Robert Morris College,1,0,0.0
2595,Robert Morris University Illinois,1,0,0.0
2596,Roberts Wesleyan College,1,1,100.0
2597,Robeson Community College,1,1,100.0
2598,University of Rochester,1,1,100.0
2599,The Rockefeller University,1,1,100.0
2600,Rockford College,1,1,100.0
2601,Rockford Career College,1,1,100.0
2602,Rockhurst University,1,1,100.0
2603,University of the Rockies,1,0,0.0
2604,Rockingham Community College,1,1,100.0
2605,Rock Valley College,1,1,100.0
2606,Rocky Mountain CollegeÂ,1,1,100.0
2607,Rogue Community College,1,1,100.0
2608,Rollins College Home,1,1,100.0
2609,Roosevelt University,1,1,100.0
2610,Rosary College,1,0,0.0
2611,Rose-Hulman Institute of Technology,1,1,100.0
2612,"Oklahoma City, Oklahoma College",1,1,100.0
2613,Rosedale Bible College,1,1,100.0
2614,Rosemead College of English,1,1,100.0
2615,Rosemont College,1,1,100.0
2616,Ross University,1,1,100.0
2617,Ross College,1,1,100.0
2618,Roswell Park Cancer Institute,1,0,0.0
2619,Rowan University,1,1,100.0
2620,River Parishes Community College,1,1,100.0
2621,Rensselaer Polytechnic Institute (RPI),1,1,100.0
2622,Reconstructionist Rabbinical College,1,1,100.0
2623,Red Rocks Community College,1,1,100.0
2624,Rogers State University,1,1,100.0
2625,Renton Technical College,1,1,100.0
2626,Reformed Theological Seminary,1,1,100.0
2627,Ramnarain Ruia College,1,1,100.0
2628,Ruparel College of arts,1,1,100.0
2629,Rush University,1,1,100.0
2630,Welcome to Rushmore University,1,1,100.0
2631,Rust College,1,1,100.0
2632,Rutgers University,1,1,100.0
2633,Roger Williams University,1,1,100.0
2634,Welcome to Ryokan College,1,0,0.0
2635,Saba University,1,1,100.0
2636,Santa Ana College,1,1,100.0
2637,St. Anthony College of Nursing,1,1,100.0
2638,Sacred Heart University,1,1,100.0
2639,Saddleback College,1,1,100.0
2640,Saginaw Chippewa Tribal College main page,1,1,100.0
2641,The Sage Colleges,1,1,100.0
2642,Welcome to Sage College,1,0,0.0
2643,Southwestern Assemblies of God University,1,0,0.0
2644,School of the Art Institute of Chicago,1,1,100.0
2645,Saint Joseph\'s College of Indiana,1,1,100.0
2646,Saint Leo University,1,1,100.0
2647,Saint Luke\'s College of Health Sciences,1,0,0.0
2648,Home » Saint Mary\'s College,1,1,100.0
2649,St. Meinrad College,1,1,100.0
2650,Saint Paul College,1,1,100.0
2651,St. Paul's College,1,0,0.0
2652,Saint Vincent Seminary,1,1,100.0
2653,Salem Community College,1,1,100.0
2654,Salem State University,1,1,100.0
2655,Salem International University,1,1,100.0
2656,Salina Area Technical College,1,1,100.0
2657,Salisbury University,1,1,100.0
2658,Salk Institute for Biological Studies,1,1,100.0
2659,The Salt Institute for Documentary Studies,1,1,100.0
2660,Technical College & Career Training School,1,0,0.0
2661,Salve Regina University,1,1,100.0
2662,Sam Houston State University,1,1,100.0
2663,Samford University,1,1,100.0
2664,Sampson Community College,1,1,100.0
2665,Samra University of Oriental Medicine,1,0,0.0
2666,Sandhills Community College,1,0,0.0
2667,San Diego Culinary Institute,1,0,0.0
2668,San Jacinto College,1,1,100.0
2669,Welcome to San Juan College,1,1,100.0
2670,SANS Technology Institute,1,1,100.0
2671,Santa Fe University of Art and Design,1,1,100.0
2672,Santa Rosa Junior College,1,0,0.0
2673,The Sanville Institute,1,1,100.0
2674,St. Andrews Presbyterian College,1,0,0.0
2675,"Sasin Graduate Institute of Business Administration of Chulalongkorn University, MBA, EMBA, HRM,Ph.D. in Thailand",1,1,100.0
2676,SASTRA University,1,1,100.0
2677,St. Ambrose University,1,1,100.0
2678,Southern Arkansas University â Magnolia,1,1,100.0
2679,Saurashtra University,1,1,100.0
2680,Southern Arkansas University Tech,1,1,100.0
2681,Welcome to Savannah State University,1,1,100.0
2682,Savannah Technical College,1,1,100.0
2683,Sweet Briar College,1,1,100.0
2684,Santa Barbara City College,1,1,100.0
2685,San Bernardino Community College District,1,1,100.0
2686,Washington State Board for Community & Technical Colleges,1,1,100.0
2687,"The Southern Baptist Theological Seminary – Louisville, Kentucky",1,1,100.0
2688,St. Bonaventure University,1,1,100.0
2689,Southwest Baptist University,1,1,100.0
2690,St. Clair County Community College,1,1,100.0
2691,SCAD > The University for Creative Careers,1,1,100.0
2692,Seward County Community College and Area Technical School,1,1,100.0
2693,State Center Community College District,1,1,100.0
2694,Southeastern Iowa Community College,1,1,100.0
2695,Southern California College of Optometry,1,0,0.0
2696,Santiago Canyon College,1,1,100.0
2697,Spartanburg Community College,1,1,100.0
2698,State College of Florida,1,1,100.0
2699,Schechter Institutes,1,1,100.0
2700,Schiller International University,1,1,100.0
2701,Schoolcraft College,1,1,100.0
2702,Schreiner University,1,1,100.0
2703,Benedictine University,1,0,0.0
2704,Southern California Institute of Architecture,1,1,100.0
2705,Southwestern College in Winfield,1,1,100.0
2706,South Central Louisiana Technical College,1,0,0.0
2707,Southern College of Optometry,1,1,100.0
2708,Scott College of Cosmetology,1,0,0.0
2709,Scottsdale Community College,1,1,100.0
2710,The Scripps Research Institute,1,1,100.0
2711,Scripps College,1,1,100.0
2712,"Saint Charles Borromeo Seminary, Overbrook",1,1,100.0
2713,St Cloud Technical and Community College,1,1,100.0
2714,Sarasota County Technical Institute (SCTI),1,0,0.0
2715,Stautzenberger College,1,1,100.0
2716,Santa Clara University,1,1,100.0
2717,Southern California University SOMA,1,0,0.0
2718,Sojourner-Douglass College,1,1,100.0
2719,San Diego Christian College,1,1,100.0
2720,San Diego City College,1,1,100.0
2721,Sonoran Desert Institute,1,1,100.0
2722,San Diego Mesa College,1,1,100.0
2723,San Diego Miramar College,1,1,100.0
2724,South Dakota State University,1,1,100.0
2725,San Diego State University,1,1,100.0
2726,San Diego University for Integrative Studies,1,1,100.0
2727,Southeastern Oklahoma State University,1,1,100.0
2728,Southeast Arkansas College,1,1,100.0
2729,Seattle Bible College,1,1,100.0
2730,Welcome to Seattle Central Community College,1,1,100.0
2731,Seattle Community Colleges,1,1,100.0
2732,Southeastern Bible College,1,0,0.0
2733,Southeastern Baptist Theological Seminary,1,1,100.0
2734,Saint Elizabeth College of Nursing,1,1,100.0
2735,Security University,1,0,0.0
2736,Selma University,1,0,0.0
2737,Southeastern Louisiana University,1,1,100.0
2738,Northern Seminary,1,1,100.0
2739,Sentara College of Health Sciences,1,1,100.0
2740,Sessions College for Professional Design,1,1,100.0
2741,Seton Hill University,1,1,100.0
2742,Southeastern University,1,1,100.0
2743,"Sewanee, University of the South",1,1,100.0
2744,University of Saint Francis,1,1,100.0
2745,San Francisco Art Institute,1,0,0.0
2746,Stephen F. Austin State University,1,1,100.0
2747,South Florida Bible College & Theological Seminary,1,1,100.0
2748,Santa Fe Community College,1,0,0.0
2749,Welcome to State Fair Community College,1,1,100.0
2750,San Francisco Conservatory of Music,1,1,100.0
2751,Santa Fe College,1,1,100.0
2752,San Francisco Institute of Esthetics and Cosmetology,1,1,100.0
2753,Saint Francis de Sales Seminary,1,1,100.0
2754,Sioux Falls Seminary,1,0,0.0
2755,San Francisco State University,1,1,100.0
2756,San Francisco Theological Seminary,1,1,100.0
2757,Welcome to Southeastern FWB College in Wendell,1,1,100.0
2758,St. George\'s University,1,1,100.0
2759,Shafston International College,1,1,100.0
2760,Shasta Bible College & Graduate School,1,1,100.0
2761,Spring Hill College,1,1,100.0
2762,"Sacred Heart College (Autonomous), Tirupattur, Vellore Dt, Tamil Nadu",1,1,100.0
2763,Shelton State Community College,1,1,100.0
2764,Shenandoah University,1,1,100.0
2765,Shepherds Theological Seminary,1,1,100.0
2766,Welcome to Shepherd University,1,0,0.0
2767,Sherman College of Straight Chiropractic,1,1,100.0
2768,Shifa College of Medicine & Nursing,1,0,0.0
2769,Welcome to Shiloh University,1,0,0.0
2770,Welcome to Shimer College,1,0,0.0
2771,Shippensburg University of Pennsylvania,1,1,100.0
2772,Sacred Heart Major Seminary Official Web Site,1,1,100.0
2773,Seton Hall University,1,0,0.0
2774,Sotheby\'s Institute of Art,1,1,100.0
2775,Siam University,1,1,100.0
2776,Southeastern Illinois College,1,1,100.0
2777,Siena College,1,1,100.0
2778,Siena Heights University > Home,1,1,100.0
2779,Sierra College,1,1,100.0
2780,Sierra Nevada College,1,0,0.0
2781,Shrimati Indira Gandhi College,1,1,100.0
2782,Symbiosis Institute of Media & Communication,1,1,100.0
2783,Simmons College,1,1,100.0
2784,Simmons College of Kentucky,1,1,100.0
2785,Simon's Rock College,1,1,100.0
2786,Simpson College Iowa,1,1,100.0
2787,Simpson University,1,1,100.0
2788,Sinclair Community College,1,1,100.0
2789,Seattle Institute of Oriental Medicine,1,0,0.0
2790,Southwestern Indian Polytechnic Institute,1,1,100.0
2791,College of the Siskiyous,1,1,100.0
2792,Cordoba University,1,0,0.0
2793,Sitting Bull College,1,1,100.0
2794,Southern Illinois University at Carbondale,1,1,100.0
2795,Southern Illinois University at Edwardsville,1,1,100.0
2796,Staten Island University Hospital,1,0,0.0
2797,St. Joseph College (CT),1,1,100.0
2798,St. John's College - Annapolis,1,0,0.0
2799,San Jose City College Homepage,1,1,100.0
2800,San Joaquin College of Law,1,1,100.0
2801,Saint Joseph\'s College of Maine,1,1,100.0
2802,St. John's College - Santa Fe,1,0,0.0
2803,St.Joseph\'s College (Autonomous),1,1,100.0
2804,St. John Fisher College,1,1,100.0
2805,St. Johns River State College,1,1,100.0
2806,Saint John\'s Seminary,1,1,100.0
2807,Saint Joseph\'s University,1,1,100.0
2808,San Joaquin Valley College-Visalia,1,1,100.0
2809,St. John Vianney Theological Seminary,1,1,100.0
2810,Skagit Valley College,1,1,100.0
2811,Salish Kootenai College 2011,1,1,100.0
2812,Skidmore College,1,0,0.0
2813,Skyline College,1,0,0.0
2814,Silver Lake College,1,0,0.0
2815,Saint Louis Christian College,1,0,0.0
2816,Salt Lake Theological Seminary,1,0,0.0
2817,Saint Louis University University,1,1,100.0
2818,St. Mary\'s Academy & College,1,1,100.0
2819,Santa Monica College,1,1,100.0
2820,Southwest Mississippi Community College,1,1,100.0
2821,San Mateo County Community College District,1,1,100.0
2822,Southern Maine Community College,1,1,100.0
2823,Saint Mary College,1,0,0.0
2824,St. Mary\'s College of Maryland,1,1,100.0
2825,Spartanburg Methodist College,1,1,100.0
2826,Saint Michael\'s College,1,1,100.0
2827,Smith College,1,1,100.0
2828,Southwest Minnesota State University,1,1,100.0
2829,Southern Methodist University,1,1,100.0
2830,Saint Mary\'s University of Minnesota,1,1,100.0
2831,St. Mary-of-the-Woods College,1,1,100.0
2832,ÉÏº£¹ú¼Ò»á¼ÆÑ§Ôº Shanghai National Accounting Institute,1,1,100.0
2833,St. Norbert College,1,1,100.0
2834,Snead State Community College,1,1,100.0
2835,Southern New Hampshire University (SNHU),1,1,100.0
2836,Snow College,1,1,100.0
2837,Southern Nazarene University,1,1,100.0
2838,Southern California Seminary,1,1,100.0
2839,Southwestern Oregon Community College (SWOCC),1,1,100.0
2840,Southern California Health Institute,1,1,100.0
2841,Sofia University,1,1,100.0
2842,Soka University of America,1,1,100.0
2843,South Louisiana Community College,1,0,0.0
2844,Solano Community College,1,1,100.0
2845,ÐÐ»Ð°Ð²Ð½Ð°Ñ ÑÑÑÐ°Ð½Ð¸ÑÐ° » SOLEX College,1,1,100.0
2846,Soma Institute,1,1,100.0
2847,Somerset Christian College,1,0,0.0
2848,Sonoma State University,1,1,100.0
2849,Southern Oregon State College,1,1,100.0
2850,South Central College,1,1,100.0
2851,Southeast Community College Area,1,1,100.0
2852,Southeast Culinary & Hospitality College,1,0,0.0
2853,Southeastern Baptist College,1,1,100.0
2854,Southeastern Technical College,1,1,100.0
2855,Southeast Missouri Hospital College of Nursing and Health Sciences,1,0,0.0
2856,Minnesota State College-Southeast Technical,1,1,100.0
2857,Southeast Technical Institute,1,1,100.0
2858,Southern Adventist University,1,1,100.0
2859,Southern Connecticut State University Home,1,1,100.0
2860,Southern Illinois University,1,0,0.0
2861,Southern West Virginia Community and Technical College,1,1,100.0
2862,South Florida Community College,1,1,100.0
2863,South Georgia Technical College,1,0,0.0
2864,South Mountain Community College,1,1,100.0
2865,South Plains College,1,1,100.0
2866,Southside Virginia Community College,1,1,100.0
2867,South Suburban College,1,0,0.0
2868,Southwest Career College,1,0,0.0
2869,Welcome to Southwestern University,1,1,100.0
2870,Southwestern Community College,1,1,100.0
2871,Southwest Georgia Technical College,1,0,0.0
2872,SOWELA Technical Community College,1,1,100.0
2873,Spalding UniversityHome » Spalding University,1,1,100.0
2874,Spartan College of Aeronautics and Technology,1,1,100.0
2875,Saint Peter\'s College Home,1,1,100.0
2876,South Piedmont Community College,1,1,100.0
2877,St. Petersburg College,1,1,100.0
2878,St. Paul Christian University,1,1,100.0
2879,Spencerian College,1,0,0.0
2880,Spertus Institute of Jewish Studies,1,1,100.0
2881,Spokane Community College,1,1,100.0
2882,Spokane Falls Community College,1,0,0.0
2883,Springfield College is now Everest College,1,1,100.0
2884,Southern Polytechnic State University Marietta,1,0,0.0
2885,Seattle Pacific University,1,1,100.0
2886,Welcome to Sardar Patel University,1,1,100.0
2887,Spoon River College,1,1,100.0
2888,Shaheed Rajaei Teacher Training University,1,0,0.0
2889,Slippery Rock University of Pennsylvania,1,1,100.0
2890,Slippery Rock University Homepage,1,0,0.0
2891,Southern State Community College,1,1,100.0
2892,SS. Cyril and Methodius Seminary,1,1,100.0
2893,Seminole State College,1,1,100.0
2894,Southern States University,1,1,100.0
2895,St. Augustine's College North Carolina,1,1,100.0
2896,St. Thomas Aquinas College,1,1,100.0
2897,American University College of Technology,1,1,100.0
2898,Stanbridge College,1,1,100.0
2899,Stanford University,1,1,100.0
2900,Stanly Community College,1,0,0.0
2901,Stark State College,1,1,100.0
2902,St. Augustine College,1,1,100.0
2903,Springfield Technical Community College,1,1,100.0
2904,St. Charles Community College,1,1,100.0
2905,St. Christopher Iba Mar diop College of Medicine,1,1,100.0
2906,Welcome to South Texas College of Law South Texas College of Law,1,0,0.0
2907,Saint Cloud State University,1,1,100.0
2908,St. Cloud State University,1,0,0.0
2909,One of the Best Catholic Colleges,1,1,100.0
2910,Stefan University,1,0,0.0
2911,Stenotype Institute,1,0,0.0
2912,Stephens College,1,1,100.0
2913,Sterling College,1,1,100.0
2914,Stetson University,1,1,100.0
2915,Stevens Institute of Technology,1,0,0.0
2916,Thaddeus Stevens College of Technology,1,1,100.0
2917,Stevenson University,1,1,100.0
2918,University of St. Francis,1,1,100.0
2919,St. Francis Career College,1,0,0.0
2920,Stillman College,1,1,100.0
2921,Saint John's University (NY),1,1,100.0
2922,St. John's Seminary,1,1,100.0
2923,St. Lawrence University,1,1,100.0
2924,St. Louis Community College,1,1,100.0
2925,St. Louis College of Pharmacy » Home,1,0,0.0
2926,St. Luke\'s College,1,1,100.0
2927,Saint Martin\'s University,1,0,0.0
2928,Saint Mary's College of California,1,1,100.0
2929,St. Mary's University of San Antonio,1,1,100.0
2930,St. Matthew\'s University,1,1,100.0
2931,St. Nersess Armenian Seminary,1,1,100.0
2932,The Richard Stockton College of New Jersey,1,1,100.0
2933,St. Olaf College—A private liberal arts,1,1,100.0
2934,Stone Child College,1,1,100.0
2935,Stonehill College,1,1,100.0
2936,Stony Brook University,1,1,100.0
2937,St. Tikhon\'s Orthodox Theological Seminary,1,1,100.0
2938,Stratford University,1,0,0.0
2939,Strathmore University,1,0,0.0
2940,Online College Degree Program,1,1,100.0
2941,Cardinal Stritch University,1,1,100.0
2942,College of Saint Rose,1,0,0.0
2943,St. Thomas University (FL),1,1,100.0
2944,Saint Vincent College,1,1,100.0
2945,Southern University and A&M College,1,0,0.0
2946,Suffolk University Homepage,1,1,100.0
2947,Sullivan University,1,1,100.0
2948,Sul Ross State University,1,1,100.0
2949,The Summit Institute,1,0,0.0
2950,Summit Pacific College,1,1,100.0
2951,Summit University of Louisiana,1,0,0.0
2952,Sumner College,1,1,100.0
2953,Southern University at New Orleans,1,0,0.0
2954,Niagara County Community College,1,1,100.0
2955,SUNY Broome Community College,1,1,100.0
2956,State University of New York System,1,0,0.0
2957,State University of New York Institute of Technology at Utica/Rome,1,0,0.0
2958,Jamestown Community College,1,1,100.0
2959,State University of New York Maritime College,1,1,100.0
2960,Onondaga Community College,1,1,100.0
2961,Orange County Community College,1,1,100.0
2962,Welcome — SUNY Rockland Community College,1,1,100.0
2963,Sullivan County Community College,1,1,100.0
2964,Ulster County Community College,1,1,100.0
2965,SUNY Westchester Community College,1,1,100.0
2966,"Surry Community College â Nursing Programs, Engineering Technologies, Law Enforcement Training, Dobson, NC",1,1,100.0
2967,Southern University at Shreveport,1,0,0.0
2968,Susquehanna University,1,1,100.0
2969,Sussex County Community College,1,1,100.0
2970,Shahjalal University of Science and Technology (SUST),1,1,100.0
2971,Sudan University for Science and Technology,1,1,100.0
2972,Southern Utah University,1,1,100.0
2973,"Southern Vermont College 18 Majors including Nursing, Criminal Justice, Business and Communications",1,0,0.0
2974,Sauk Valley Community College,1,1,100.0
2975,St Vladimir's Orthodox Theological Seminary,1,1,100.0
2976,Saginaw Valley State University,1,1,100.0
2977,Southern Virginia University,1,1,100.0
2978,Southwest Virginia Community College,1,1,100.0
2979,Southwestern Adventist College,1,0,0.0
2980,Swarthmore College Home,1,1,100.0
2981,Southwestern Adventist University,1,1,100.0
2982,Southwestern Baptist Theological Seminary,1,1,100.0
2983,Southwestern College Santa Fe,1,1,100.0
2984,Southwestern Christian College,1,1,100.0
2985,Southwestern College (CA),1,0,0.0
2986,Southwestern Christian University,1,1,100.0
2987,Welcome to the Southwest Florida College Official Homepage!,1,1,100.0
2988,Southwestern Illinois College,1,1,100.0
2989,Southwest Institute of Healing Arts,1,1,100.0
2990,Swinburne University of Technology,1,0,0.0
2991,Southwestern University,1,1,100.0
2992,University of Texas Southwestern Medical Center at Dallas,1,0,0.0
2993,Southwestern Michigan College,1,1,100.0
2994,Southwestern Oklahoma State University,1,1,100.0
2995,Southwest Research Institute (SwRI),1,0,0.0
2996,Southwest School of Bible Studies Christian college study,1,1,100.0
2997,Southwest Texas State University,1,0,0.0
2998,Southwest Wisconsin Technical College,1,1,100.0
2999,Southwest Texas Junior College,1,0,0.0
3000,Southern Wesleyan University,1,1,100.0
3001,Saint Xavier University,1,1,100.0
3002,The University of Sydney,1,0,0.0
3003,Syracuse University,1,1,100.0
3004,Tabor College,1,1,100.0
3005,Tacoma Community College,1,1,100.0
3006,Welcome to Tak Ming College,1,0,0.0
3007,Talladega College,1,0,0.0
3008,Talmudic University,1,1,100.0
3009,Baylor College of Dentistry,1,0,0.0
3010,Texas A&M International University,1,1,100.0
3011,Texas A&M University - College Station,1,1,100.0
3012,Texas A&M University - Corpus Christi,1,1,100.0
3013,Texas A&M University Corpus Christi,1,0,0.0
3014,Tarleton State University,1,1,100.0
3015,Tooele Applied Technology College,1,0,0.0
3016,Taylor University,1,1,100.0
3017,"Taylor College – Nursing, PTA and Online Continuing Education in Ocala, Florida",1,1,100.0
3018,Home (Trinity Baptist College),1,1,100.0
3019,Texas Baptist Institute & Seminary,1,1,100.0
3020,Taylor Business Institute,1,1,100.0
3021,Toronto Baptist Seminary & Bible College,1,1,100.0
3022,Tompkins Cortland Community College,1,1,100.0
3023,Tidewater Community College,1,1,100.0
3024,Tarrant County College,1,1,100.0
3025,The College of Insurance,1,0,0.0
3026,Technical Career Institutes,1,0,0.0
3027,Technical College of the Lowcountry,1,1,100.0
3028,TCM International Institute,1,1,100.0
3029,The College of New Jersey Home,1,1,100.0
3030,Tri-County Technical College,1,1,100.0
3031,Texas Christian University,1,1,100.0
3032,Teachers College Columbia University,1,0,0.0
3033,Buddha Institute of Technology,1,1,100.0
3034,Telos Institute International,1,1,100.0
3035,Temple University,1,1,100.0
3036,Seminary Tennessee Temple a Christian University,1,0,0.0
3037,Temple College,1,1,100.0
3038,The University of Tennessee,1,1,100.0
3039,Terra State Community College,1,1,100.0
3040,College Education for Adults at Thomas Edison State College,1,0,0.0
3041,Texarkana College,1,1,100.0
3042,Texas College,1,1,100.0
3043,Texas County Technical College,1,1,100.0
3044,Toccoa Falls College,1,1,100.0
3045,The Global Open University,1,1,100.0
3046,Thapar University,1,0,0.0
3047,The American College,1,1,100.0
3048,The Beauty Institute,1,1,100.0
3049,University of Sioux Falls,1,0,0.0
3050,Nebraska Indian Community College,1,0,0.0
3051,The Paralegal Institute,1,0,0.0
3052,William Woods University,1,0,0.0
3053,Thiel College,1,1,100.0
3054,Thomas College Maine,1,1,100.0
3055,Thomas Aquinas College,1,1,100.0
3056,Thomas More College,1,1,100.0
3057,The Thomas More College of Liberal Arts â,1,1,100.0
3058,Thomas University,1,1,100.0
3059,Kaplan Career Institute,1,0,0.0
3060,Three Rivers Community College,1,0,0.0
3061,TOTAL INTERNATIONAL CAREER INSTITUTE,1,0,0.0
3062,Tiffin University,1,1,100.0
3063,Tilburg University,1,1,100.0
3064,Welcome to Tata Institute of Social Sciences — Tata Institute of Social Sciences,1,0,0.0
3065,Trinity International University (Excel),1,1,100.0
3066,Trinity Lutheran College,1,1,100.0
3067,Trinity Lutheran Seminary,1,0,0.0
3068,Truckee Meadows Community College (TMCC),1,1,100.0
3069,Southwest Tennessee Community College,1,0,0.0
3070,Thomas Nelson Community College,1,0,0.0
3071,Tennessee Career Institute,1,0,0.0
3072,Tennessee State University,1,1,100.0
3073,Tennessee Technological University,1,1,100.0
3074,Tennessee Temple University a Christian University,1,0,0.0
3075,Trevecca Nazarene University,1,0,0.0
3076,Tohono O'Odham Community College,1,1,100.0
3077,Touro College,1,1,100.0
3078,Towson State University,1,1,100.0
3079,Transylvania University,1,1,100.0
3080,Travel University International,1,1,100.0
3081,Trenholm State Technical College,1,0,0.0
3082,Tri-County Community College,1,1,100.0
3083,"Accredited Online University Degrees, Military University, Online Colleges, Bachelor, Masters, PhD",1,1,100.0
3084,Trine University,1,1,100.0
3085,Trinidad State Junior College,1,1,100.0
3086,Trinity University,1,1,100.0
3087,Trinity Bible College & Graduate School,1,1,100.0
3088,Trinity College of Florida,1,1,100.0
3089,Trinity College of Nursing & Health Sciences,1,1,100.0
3090,Trinity Washington University,1,1,100.0
3091,Trinity College of Puerto Rico,1,0,0.0
3092,Trinity College of The Bible,1,1,100.0
3093,Trinity Christian College,1,1,100.0
3094,Troy University,1,1,100.0
3095,Truman State University,1,0,0.0
3096,Thadomal Shahani Engineering College,1,1,100.0
3097,Tbilisi State Medical University,1,1,100.0
3098,Texas State Technical College Waco Technical Schools,1,1,100.0
3099,Texas Southern University,1,1,100.0
3100,Troy State University,1,0,0.0
3101,Texas State University System,1,1,100.0
3102,Texas Tech University,1,1,100.0
3103,Texas Tech University-Health Sciences Center,1,1,100.0
3104,Touro University California,1,1,100.0
3105,Tucson College,1,0,0.0
3106,Tucson University,1,0,0.0
3107,Tufts University,1,1,100.0
3108,The Tulane University of New Orleans,1,1,100.0
3109,Tulsa Community College,1,1,100.0
3110,Tuskegee University,1,1,100.0
3111,Trinity Valley Community College,1,1,100.0
3112,Tennessee Wesleyan College,1,0,0.0
3113,Wichita State University,1,0,0.0
3114,Texas Woman's University,1,1,100.0
3115,Texas Chiropractic College,1,1,100.0
3116,Texas State University,1,1,100.0
3117,Texas Wesleyan University,1,1,100.0
3118,Tyndale Theological Seminary & Biblical Institute,1,1,100.0
3119,University of Alabama at Tuscaloosa,1,1,100.0
3120,University of Alabama at Birmingham,1,1,100.0
3121,University of Arkansas Community College-Batesville,1,1,100.0
3122,University of Arkansas Community College-Morrilton,1,1,100.0
3123,University of Arkansas - Fort Smith,1,0,0.0
3124,University of Alabama at Huntsville,1,1,100.0
3125,University of Akron Wayne College,1,1,100.0
3126,University of Arkansas for Medical Sciences,1,1,100.0
3127,University of Asia Pacific,1,1,100.0
3128,"Arkansas at Pine Bluff, University of",1,1,100.0
3129,University of Arkansas at Fayetteville,1,1,100.0
3130,The University of the Arts,1,0,0.0
3131,University of Arkansas System eVersity,1,1,100.0
3132,University Of Arkansas System,1,1,100.0
3133,University of Advancing Technology (UAT),1,1,100.0
3134,University of Antelope Valley,1,1,100.0
3135,University of Baguio,1,1,100.0
3136,University of Baltimore,1,1,100.0
3137,Uintah Basin Applied Technology College Home Page,1,0,0.0
3138,University of Central Arkansas,1,1,100.0
3139,Union County College,1,1,100.0
3140,University of Colorado at Colorado Springs,1,1,100.0
3141,Utah College of Dental Hygiene,1,1,100.0
3142,University College Of Engineering Osmania University,1,1,100.0
3143,University of Central Florida,1,1,100.0
3144,University of Charleston,1,0,0.0
3145,The University of Chicago,1,1,100.0
3146,The University of Chicago Medicine,1,1,100.0
3147,University of Central Oklahoma,1,1,100.0
3148,Union College Nebraska,1,1,100.0
3149,University of Connecticut,1,1,100.0
3150,University of California Press,1,1,100.0
3151,University of California San Diego,1,1,100.0
3152,University of Chemical Technology and Metallurgy,1,1,100.0
3153,University of the Cumberlands,1,1,100.0
3154,University of Dallas,1,1,100.0
3155,University of Dayton,1,1,100.0
3156,University of the District of Columbia,1,1,100.0
3157,Welcome to the University of Delaware,1,1,100.0
3158,University of Detroit Mercy,1,1,100.0
3159,The University Exchange,1,0,0.0
3160,UEI College,1,1,100.0
3161,University of Florida,1,0,0.0
3162,University of Fairfax,1,1,100.0
3163,University of Fort Lauderdale All Rights Reserved 2012,1,1,100.0
3164,University of Georgia,1,1,100.0
3165,University of Great Falls > Home,1,0,0.0
3166,University of Houston,1,1,100.0
3167,University of Holy Cross,1,1,100.0
3168,Welcome to the University of Houston,1,1,100.0
3169,University of Illinois at Chicago,1,0,0.0
3170,University of Idaho,1,1,100.0
3171,University of Illinois,1,1,100.0
3172,University of Indianapolis,1,1,100.0
3173,The University of Iowa,1,1,100.0
3174,University of Illinois at Springfield,1,1,100.0
3175,Usman Institute of Technology,1,1,100.0
3176,Upper Iowa University Offers Accounting,1,1,100.0
3177,University of the Incarnate World,1,1,100.0
3178,University of Jamestown,1,1,100.0
3179,University of Louisiana at Lafayette,1,0,0.0
3180,The University of Louisiana at Monroe,1,1,100.0
3181,University of Ulster,1,0,0.0
3182,University of Louisiana System,1,1,100.0
3183,Cardiac and Vascular Institute of Ultrasound,1,1,100.0
3184,University of Maine at Augusta,1,1,100.0
3185,University of Maine,1,1,100.0
3186,University of Mary,1,1,100.0
3187,University of Massachusetts at Amherst,1,1,100.0
3188,University of Massachusetts at Dartmouth,1,1,100.0
3189,Welcome to the University of Massachusetts Medical School,1,1,100.0
3190,University of Massachusetts Boston,1,1,100.0
3191,University of Mississippi Medical Center,1,1,100.0
3192,University of Minnesota,1,1,100.0
3193,University of Michigan - Dearborn,1,1,100.0
3194,University of Medicine and Dentistry of New Jersey,1,0,0.0
3195,University of Maryland Eastern Shore,1,1,100.0
3196,Welcome to the University of Maine at Fort Kent,1,1,100.0
3197,University of Michigan-Flint,1,1,100.0
3198,University of Michigan,1,0,0.0
3199,University of Mary Hardin-Baylor,1,1,100.0
3200,Helena College University of Montana,1,0,0.0
3201,- The University of Montana - Helena,1,0,0.0
3202,University of Michigan - Ann Arbor,1,1,100.0
3203,University of Missouri - Kansas City,1,1,100.0
3204,University of Massachusetts at Lowell,1,1,100.0
3205,University of Maryland Medical Center,1,1,100.0
3206,University of Minnesota Twin Cities,1,0,0.0
3207,University of Mount Olive,1,1,100.0
3208,University of Mobile > Home,1,1,100.0
3209,University of Maryland (System),1,1,100.0
3210,University of Missouri - Rolla,1,0,0.0
3211,University of Missouri - Saint Louis,1,1,100.0
3212,University of Montana,1,1,100.0
3213,University of Management and Technology,1,0,0.0
3214,University of Maryland - University College,1,0,0.0
3215,University of Mary Washington,1,1,100.0
3216,The University of Montana Western,1,1,100.0
3217,University of North Alabama,1,1,100.0
3218,University of New Brunswick,1,0,0.0
3219,University of North Carolina at Chapel Hill,1,1,100.0
3220,University of North Carolina at Asheville,1,1,100.0
3221,University of North Carolina at Charlotte,1,1,100.0
3222,Fayetteville State University,1,0,0.0
3223,The University of North Carolina at Greensboro,1,1,100.0
3224,The University of North Carolina at Pembroke,1,1,100.0
3225,University of New England,1,1,100.0
3226,University of North Florida,1,1,100.0
3227,University of North Georgia,1,1,100.0
3228,University of Northern Iowa,1,1,100.0
3229,University of Benin,1,1,100.0
3230,Unilatina International College,1,0,0.0
3231,Union Graduate College,1,0,0.0
3232,Welcome to Union College,1,0,0.0
3233,United Theological Seminary,1,1,100.0
3234,United Medical Institute,1,1,100.0
3235,United Theological Seminary of the Twin Cities,1,1,100.0
3236,Unity Environmental College,1,1,100.0
3237,University of Dhaka,1,0,0.0
3238,Capstone University,1,1,100.0
3239,University of Aesthetics,1,0,0.0
3240,University of California System,1,1,100.0
3241,University of New Mexico,1,1,100.0
3242,University of Nebraska Medical Center,1,1,100.0
3243,University of New Orleans,1,0,0.0
3244,University of Northwestern Ohio,1,0,0.0
3245,The University of New South Wales,1,1,100.0
3246,University of North Texas Health Science Center,1,1,100.0
3247,University of North Texas at Dallas,1,1,100.0
3248,United Nations University,1,1,100.0
3249,The University of Northern Virginia,1,1,100.0
3250,University of America\'s,1,0,0.0
3251,University of Alanta,1,0,0.0
3252,University of Khartoum,1,1,100.0
3253,"YWAM Kona, University of the Nations campus in Hawaii, USA",1,1,100.0
3254,University of the People,1,1,100.0
3255,University of Oregon,1,1,100.0
3256,The University of Portland,1,1,100.0
3257,University of Pennsylvania,1,1,100.0
3258,University of Pikeville,1,1,100.0
3259,University of Pittsburgh Medical Center,1,1,100.0
3260,University of Puerto Rico,1,1,100.0
3261,Union Presbyterian Seminary,1,1,100.0
3262,State University of New York Upstate Medical University,1,1,100.0
3263,University of Rio Grande,1,1,100.0
3264,Urban College of Boston,1,1,100.0
3265,Ursinus College,1,1,100.0
3266,Ursuline College,1,1,100.0
3267,University School,1,1,100.0
3268,University of St. Augustine for Health Sciences,1,1,100.0
3269,University of Seychelles - American Institute of Medicine,1,1,100.0
3270,The University of Science and Arts of Oklahoma,1,1,100.0
3271,University of South Carolina - Aiken,1,1,100.0
3272,University of the Sciences in Philadelphia,1,0,0.0
3273,University of South Carolina - Sumter,1,0,0.0
3274,University of South Carolina Upstate Homepage,1,1,100.0
3275,The University of South Dakota,1,1,100.0
3276,University System of the District of Columbia,1,0,0.0
3277,Seoul National University,1,0,0.0
3278,University of South Florida,1,1,100.0
3279,University of San Francisco,1,1,100.0
3280,University of South Florida St. Petersburg,1,0,0.0
3281,University of Southern Indiana,1,1,100.0
3282,Saint Joseph College,1,1,100.0
3283,University of Southwestern Louisiana,1,0,0.0
3284,University System of New Hampshire,1,1,100.0
3285,U.S. Naval War College,1,1,100.0
3286,United States Online University,1,1,100.0
3287,University of Science and Technology Sana'a,1,1,100.0
3288,Uniformed Services University of the Health Sciences,1,1,100.0
3289,United States University,1,1,100.0
3290,The University of Texas at Arlington,1,1,100.0
3291,The University of Utah,1,1,100.0
3292,Utah Tech University,1,1,100.0
3293,University of Texas at Brownsville,1,0,0.0
3294,University of Tennessee at Chattanooga,1,1,100.0
3295,The University of Texas at Dallas,1,1,100.0
3296,The University of Texas at El Paso Home,1,1,100.0
3297,The University of Texas at Austin,1,1,100.0
3298,University of Texas Health Center at Tyler,1,1,100.0
3299,The University of Texas Health Science Center at Houston (UTHealth),1,0,0.0
3300,The University of Tennessee Health Science Center,1,1,100.0
3301,The University of Texas Health Science Center at San Antonio,1,1,100.0
3302,Universal Technical Institute (UTI),1,1,100.0
3303,Welcome to Utica College,1,1,100.0
3304,University of Texas Medical,1,1,100.0
3305,The University of Texas,1,0,0.0
3306,The University of Texas of the Permian Basin,1,1,100.0
3307,The University of Texas at Rio Grande Valley,1,1,100.0
3308,Welcome to The University of Texas at San Antonio,1,1,100.0
3309,United Tamudical Seminary,1,1,100.0
3310,Union Theological Seminary,1,1,100.0
3311,University of Texas System,1,1,100.0
3312,United Tribes Technical College,1,1,100.0
3313,The University of Texas at Tyler,1,1,100.0
3314,University of Tulsa,1,1,100.0
3315,Union University,1,1,100.0
3316,UNION UNIVERSITY OF CALIFORNIA,1,1,100.0
3317,University of the Virgin Islands,1,1,100.0
3318,University of Victoria,1,0,0.0
3319,The University of Vermont,1,1,100.0
3320,Utah Valley State College,1,0,0.0
3321,Utah Valley University Homepage,1,1,100.0
3322,University of Wisconsin Colleges,1,1,100.0
3323,University of Wisconsin - Eau Claire,1,1,100.0
3324,Southern California\'s Road to Education is University of the West,1,1,100.0
3325,University of Wisconsin,1,0,0.0
3326,University of West Florida,1,1,100.0
3327,University of Wisconsin - Green Bay,1,1,100.0
3328,University of the West Indies,1,1,100.0
3329,The University of the West Indies at St. Augustine,1,0,0.0
3330,University of West Los Angeles,1,1,100.0
3331,University of Wisconsin - La Crosse,1,1,100.0
3332,University of Wisconsin - Milwaukee,1,1,100.0
3333,Western University,1,1,100.0
3334,UW Oshkosh — University of Wisconsin Oshkosh,1,1,100.0
3335,University of Wisconsin - Parkside,1,1,100.0
3336,University of Wisconsin - Platteville,1,1,100.0
3337,University of Wisconsin - River Falls,1,1,100.0
3338,University of Western States,1,1,100.0
3339,University of Wisconsin System,1,0,0.0
3340,University of Wisconsin - Stevens Point,1,1,100.0
3341,University of Wisconsin - Stout,1,1,100.0
3342,University of Wisconsin - Superior,1,1,100.0
3343,University of Wisconsin - Whitewater,1,1,100.0
3344,University of Wyoming,1,0,0.0
3345,Valencia College,1,1,100.0
3346,West Virginia Career College,1,1,100.0
3347,San Bernardino Valley College,1,1,100.0
3348,Valparaiso University,1,1,100.0
3349,Vancouver University,1,0,0.0
3350,Vanderbilt University,1,1,100.0
3351,VanderCook College of Music,1,1,100.0
3352,Vanguard University of Southern California,1,1,100.0
3353,Vassar College,1,1,100.0
3354,Vatterott College,1,0,0.0
3355,Virginia Baptist College,1,1,100.0
3356,Ventura County Community College District,1,1,100.0
3357,Vermont College of Fine Arts,1,1,100.0
3358,Valley College of Medical Careers,1,0,0.0
3359,Virginia Commonwealth University,1,1,100.0
3360,Ventura College,1,1,100.0
3361,Vernon College,1,1,100.0
3362,Vesalius College Brussels,1,1,100.0
3363,Vivekanand Education Society\'s Institute of Technology,1,0,0.0
3364,Valley Forge Christian College,1,1,100.0
3365,Valley Forge Military Academy and College,1,1,100.0
3366,Vance-Granville Community College,1,1,100.0
3367,Virginia Highlands Community College,1,1,100.0
3368,Virginia Intermont College,1,0,0.0
3369,Victoria College,1,1,100.0
3370,"Accredited Christian Universities, Crichton Higher Education University Tennessee, Online Teacher Education Memphis Degree programs",1,0,0.0
3371,Virginia Western Community College,1,1,100.0
3372,Visible Music College,1,1,100.0
3373,Vista College,1,0,0.0
3374,Vishwakarma Institute of Technology,1,1,100.0
3375,Virginia International University,1,0,0.0
3376,Villa Julie College,1,0,0.0
3377,Virginia Military Institute,1,1,100.0
3378,V.M. Salgaocar College of Law,1,0,0.0
3379,Volunteer State Community College,1,1,100.0
3380,Voorhees College // Home,1,1,100.0
3381,Virginia State University,1,0,0.0
3382,Virginia Polytechnic Institute and State University (Virginia Tech),1,1,100.0
3383,Vermont Technical College,1,1,100.0
3384,Virginia Theological Seminary,1,1,100.0
3385,Free University (Virginia Theological University),1,1,100.0
3386,Virginia University of Lynchburg,1,1,100.0
3387,Virginia Union University,1,1,100.0
3388,Victor Valley College,1,1,100.0
3389,Virginia Wesleyan College,1,0,0.0
3390,Wabash College,1,1,100.0
3391,Wade College,1,1,100.0
3392,Wagner College,1,1,100.0
3393,University of Waikato,1,1,100.0
3394,Wake Forest University,1,0,0.0
3395,Welcome to Wake Technical Community College,1,1,100.0
3396,Walden University Online Degree Programs,1,1,100.0
3397,George C Wallace State Community College-Dothan,1,1,100.0
3398,Walla Walla University,1,1,100.0
3399,Walsh University,1,1,100.0
3400,Walsh College,1,1,100.0
3401,Distance Learning Courses and Programs at Warnborough College at Bachelors,1,1,100.0
3402,Warner Southern College,1,1,100.0
3403,Warner Pacific College,1,1,100.0
3404,Warren Wilson College,1,1,100.0
3405,Warren County Community College,1,1,100.0
3406,Wartburg College,1,1,100.0
3407,Welcome to the Wartburg Theological Seminary Website,1,1,100.0
3408,Welcome to Washburn University,1,1,100.0
3409,Washburn Institute of Technology,1,1,100.0
3410,Washington College,1,1,100.0
3411,Washington International University,1,0,0.0
3412,Washington & Jefferson College,1,1,100.0
3413,WashLaw Web – Washburn University,1,0,0.0
3414,Washington University in St. Louis,1,1,100.0
3415,WATC â Wichita Area Technical College,1,0,0.0
3416,Watkins College of Art,1,1,100.0
3417,Watumull Institute of electronics engineering and computer technology,1,1,100.0
3418,Washington Adventist University,1,1,100.0
3419,Waubonsee Community College,1,1,100.0
3420,Wayne State University,1,1,100.0
3421,Wayne Community College,1,1,100.0
3422,Waynesburg College,1,1,100.0
3423,Williams Baptist College,1,0,0.0
3424,Everest College in Portland,1,0,0.0
3425,Washington Baptist University,1,0,0.0
3426,Wesley Biblical Seminary,1,1,100.0
3427,Wayland Baptist University,1,0,0.0
3428,Weatherford College,1,1,100.0
3429,West Coast Baptist College,1,1,100.0
3430,Westmoreland County Community College,1,0,0.0
3431,Wayne County Community College District,1,1,100.0
3432,Welcome to Washtenaw Community College,1,0,0.0
3433,Wallace Community College Selma,1,0,0.0
3434,Western Connecticut State University,1,1,100.0
3435,Waukesha County Technical College,1,1,100.0
3436,Western Carolina University,1,1,100.0
3437,West Coast Ultrasound Institute,1,0,0.0
3438,West Chester University of Pennsylvania,1,1,100.0
3439,Western Dakota Technical Institute,1,1,100.0
3440,Webber College,1,1,100.0
3441,Weber State University,1,1,100.0
3442,"Institute of Productivity & Management, INDIA",1,1,100.0
3443,"Jawaharlal Nehru Medical College, K.L.E University, Belgaum.",1,1,100.0
3444,Webster University,1,1,100.0
3445,Webster College,1,0,0.0
3446,Wellesley College,1,1,100.0
3447,Wells College Home,1,1,100.0
3448,Wesley College,1,0,0.0
3449,Wesleyan College,1,0,0.0
3450,Welcome to Wesleyan University âÂ Middletown,1,1,100.0
3451,Wesley Theological Seminary âº God\'s Call Is Bold. Your Seminary Should Be Too.,1,1,100.0
3452,Westbrook University Home,1,1,100.0
3453,West Coast University,1,1,100.0
3454,Westech College,1,0,0.0
3455,Western State Colorado University,1,1,100.0
3456,WESTERN BIBLE COLLEGE,1,0,0.0
3457,Western Theological Seminary,1,1,100.0
3458,Western Technical College,1,1,100.0
3459,Western Technical College in Texas,1,1,100.0
3460,State University of West Georgia,1,1,100.0
3461,West Georgia Technical College,1,1,100.0
3462,West Haven University,1,1,100.0
3463,Westlawn Institute of Marine Technology,1,1,100.0
3464,West Liberty University â Welcome to Your Future,1,1,100.0
3465,Westminster College of Fulton,1,1,100.0
3466,Westminster College of New Wilmington,1,1,100.0
3467,"Westminster College in Salt Lake City, Utah. A Private Comprehensive Liberal Arts College",1,1,100.0
3468,Westminster University,1,1,100.0
3469,Westmont College,1,1,100.0
3470,West Shore Community College,1,1,100.0
3471,West Valley College,1,1,100.0
3472,Westwood College,1,0,0.0
3473,White Earth Tribal and Community College,1,1,100.0
3474,Wexford University,1,0,0.0
3475,Western Governors University,1,1,100.0
3476,West Hills Community College District,1,0,0.0
3477,Wheaton College Home,1,1,100.0
3478,Whitefield Theological Seminary,1,1,100.0
3479,Whitman College,1,1,100.0
3480,Whittier College,1,1,100.0
3481,Whitworth University,1,1,100.0
3482,The Wright Institute,1,1,100.0
3483,Widener University,1,1,100.0
3484,Wilberforce University,1,1,100.0
3485,Wiley College,1,1,100.0
3486,Wilkes University,1,1,100.0
3487,Wilkes Community College,1,1,100.0
3488,Willamette University,1,1,100.0
3489,Williams College,1,1,100.0
3490,Williamson Christian College,1,1,100.0
3491,Williston State College,1,1,100.0
3492,Wilmington College,1,1,100.0
3493,Wilmington University,1,1,100.0
3494,Wilson College,1,1,100.0
3495,Welcome to Wilson Community College,1,1,100.0
3496,Williamsburg Technical College,1,1,100.0
3497,Windsor University,1,1,100.0
3498,Winebrenner Theological Seminary > Home,1,1,100.0
3499,Wingate University,1,1,100.0
3500,"Winthrop University, Rock Hill, SC 29733, USA",1,1,100.0
3501,Western International University,1,0,0.0
3502,Wiregrass Georgia Technical College,1,1,100.0
3503,University of Wisconsin - Madison,1,1,100.0
3504,Wisconsin Indianhead Technical College,1,0,0.0
3505,Western Iowa Tech Community College,1,1,100.0
3506,Wittenberg University,1,1,100.0
3507,"WIU, a \Best Midwestern College\"" offering 66 baccalaureate degrees",1,1,100.0
3508,Wheeling Jesuit College,1,0,0.0
3509,Wheeling Jesuit University,1,0,0.0
3510,Western Kentucky University,1,1,100.0
3511,West Los Angeles College,1,1,100.0
3512,W.L. Bonner College,1,1,100.0
3513,Wisconsin Lutheran College,1,1,100.0
3514,Washington and Lee University,1,1,100.0
3515,Wentworth Military Academy & Junior College,1,0,0.0
3516,Western Montana College,1,0,0.0
3517,William Carey University,1,1,100.0
3518,White Mountains Community College Home Page,1,1,100.0
3519,Western Michigan University,1,1,100.0
3520,"World Mission University, an Evangelical educational institution, exists to equip Bible",1,1,100.0
3521,Western Nevada College,1,1,100.0
3522,Western Nebraska Community College,1,1,100.0
3523,Western New England University,1,1,100.0
3524,Western New England College,1,0,0.0
3525,Western New Mexico University,1,1,100.0
3526,WESTERN NEW MEXICO UNIVERSITY,1,1,100.0
3527,Wolford College,1,0,0.0
3528,Woodbury University,1,1,100.0
3529,The College of Wooster,1,1,100.0
3530,Worcester State University,1,1,100.0
3531,World University in Ojai,1,0,0.0
3532,Wor-Wic Community College,1,1,100.0
3533,Western Oklahoma State College,1,1,100.0
3534,Western Oregon University,1,1,100.0
3535,Western Piedmont Community College,1,1,100.0
3536,Worcester Polytechnic Institute (WPI),1,0,0.0
3537,William Paterson University,1,1,100.0
3538,Welcome to Wright State University,1,1,100.0
3539,Career College,1,0,0.0
3540,Western Reformed Seminary,1,1,100.0
3541,Walters State Community College,1,1,100.0
3542,| Wayne State College |,1,1,100.0
3543,Westminster Seminary California,1,1,100.0
3544,Washington State Community College,1,0,0.0
3545,Winston-Salem State University,1,1,100.0
3546,Washington State University at Tri-Cities,1,1,100.0
3547,Western State University,1,1,100.0
3548,West Texas A&M University,1,1,100.0
3549,Wichita Technical Institute,1,1,100.0
3550,Westminster Theological Seminary,1,1,100.0
3551,Welder Training and Testing Institute,1,1,100.0
3552,World University of Bangladesh (WUB),1,0,0.0
3553,Washington University,1,1,100.0
3554,Wenatchee Valley College,1,1,100.0
3555,West Virginia Northern Community College,1,1,100.0
3556,West Virginia University,1,1,100.0
3557,West Virginia Wesleyan College,1,1,100.0
3558,Walla Walla College,1,0,0.0
3559,Walla Walla Community College,1,1,100.0
3560,Western Washington University,1,1,100.0
3561,Western Wyoming Community College,1,0,0.0
3562,John Wycliffe Theological College,1,1,100.0
3563,Xavier University,1,1,100.0
3564,St. Xavier\'s College,1,1,100.0
3565,Xavier University of Louisiana,1,1,100.0
3566,Yale University,1,1,100.0
3567,Yorktowne Business Institute,1,0,0.0
3568,Yavapai College,1,1,100.0
3569,York County Community College > Home,1,1,100.0
3570,Woodland Community College,1,1,100.0
3571,York College of Pennsylvania,1,1,100.0
3572,Yellowstone Baptist College,1,0,0.0
3573,Young Harris College,1,1,100.0
3574,York College of Nebraska,1,1,100.0
3575,York College/Continuing Education,1,0,0.0
3576,York Technical College,1,1,100.0
3577,Yorktown University,1,0,0.0
3578,Yosemite Community College District,1,1,100.0
3579,Youngstown State University,1,1,100.0
3580,YTI Career Institute,1,1,100.0
3581,Yeshiva University,1,1,100.0
3582,YUIN University,1,1,100.0
3583,Yakima Valley Community College,1,1,100.0
3584,Zane State College,1,1,100.0
3585,Zion Christian University,1,1,100.0
3586,Zion Ministerial Institute,1,1,100.0
